<?xml version="1.0"?>
<opencv_storage>
<cascade>
  <stageType>BOOST</stageType>
  <featureType>HAAR</featureType>
  <height>24</height>
  <width>24</width>
  <stageParams>
    <boostType>GAB</boostType>
    <minHitRate>9.9500000476837158e-01</minHitRate>
    <maxFalseAlarm>5.0000000000000000e-01</maxFalseAlarm>
    <weightTrimRate>9.4999999999999996e-01</weightTrimRate>
    <maxDepth>1</maxDepth>
    <maxWeakCount>100</maxWeakCount></stageParams>
  <featureParams>
    <maxCatCount>0</maxCatCount>
    <featSize>1</featSize>
    <mode>BASIC</mode></featureParams>
  <stageNum>20</stageNum>
  <stages>
    <!-- stage 0 -->
    <_>
      <maxWeakCount>5</maxWeakCount>
      <stageThreshold>-2.8585088253021240e-01</stageThreshold>
      <weakClassifiers>
        <_>
          <internalNodes>
            0 -1 20 1.6742151638027281e-04</internalNodes>
          <leafValues>
            -3.8461539149284363e-01 7.9234975576400757e-01</leafValues></_>
        <_>
          <internalNodes>
            0 -1 27 2.8704830911010504e-03</internalNodes>
          <leafValues>
            -2.2117048501968384e-01 8.4914577007293701e-01</leafValues></_>
        <_>
          <internalNodes>
            0 -1 97 4.7958549112081528e-03</internalNodes>
          <leafValues>
            3.7260210514068604e-01 -9.0192770957946777e-01</leafValues></_>
        <_>
          <internalNodes>
            0 -1 3 1.9535783212631941e-03</internalNodes>
          <leafValues>
            -4.3784895539283752e-01 7.8275066614151001e-01</leafValues></_>
        <_>
          <internalNodes>
            0 -1 47 -5.5421921424567699e-03</internalNodes>
          <leafValues>
            -5.8756971359252930e-01 5.0697344541549683e-01</leafValues></_></weakClassifiers></_>
    <!-- stage 1 -->
    <_>
      <maxWeakCount>6</maxWeakCount>
      <stageThreshold>-1.3494965434074402e-01</stageThreshold>
      <weakClassifiers>
        <_>
          <internalNodes>
            0 -1 11 -2.3572072386741638e-02</internalNodes>
          <leafValues>
            -5.7142859697341919e-01 5.4098361730575562e-01</leafValues></_>
        <_>
          <internalNodes>
            0 -1 21 2.0296428352594376e-02</internalNodes>
          <leafValues>
            -3.8443070650100708e-01 5.7057106494903564e-01</leafValues></_>
        <_>
          <internalNodes>
            0 -1 104 -1.6316439956426620e-02</internalNodes>
          <leafValues>
            7.8789120912551880e-01 -2.9796814918518066e-01</leafValues></_>
        <_>
          <internalNodes>
            0 -1 133 6.9101701956242323e-04</internalNodes>
          <leafValues>
            -3.9942666888237000e-01 5.3936570882797241e-01</leafValues></_>
        <_>
          <internalNodes>
            0 -1 41 -6.0352124273777008e-04</internalNodes>
          <leafValues>
            -6.2138235569000244e-01 4.1247606277465820e-01</leafValues></_>
        <_>
          <internalNodes>
            0 -1 80 2.6250469963997602e-03</internalNodes>
          <leafValues>
            2.4589264392852783e-01 -7.8122878074645996e-01</leafValues></_></weakClassifiers></_>
    <!-- stage 2 -->
    <_>
      <maxWeakCount>5</maxWeakCount>
      <stageThreshold>-2.7470436692237854e-01</stageThreshold>
      <weakClassifiers>
        <_>
          <internalNodes>
            0 -1 10 7.4560670182108879e-03</internalNodes>
          <leafValues>
            5.3125000000000000e-01 -8.1818181276321411e-01</leafValues></_>
        <_>
          <internalNodes>
            0 -1 110 -1.0588431905489415e-04</internalNodes>
          <leafValues>
            4.4725549221038818e-01 -5.1371800899505615e-01</leafValues></_>
        <_>
          <internalNodes>
            0 -1 99 3.3832658082246780e-03</internalNodes>
          <leafValues>
            2.8431624174118042e-01 -8.5876989364624023e-01</leafValues></_>
        <_>
          <internalNodes>
            0 -1 59 -2.1231230348348618e-03</internalNodes>
          <leafValues>
            -7.8907018899917603e-01 2.3341327905654907e-01</leafValues></_>
        <_>
          <internalNodes>
            0 -1 2 6.9839489879086614e-04</internalNodes>
          <leafValues>
            -5.5706667900085449e-01 3.9463022351264954e-01</leafValues></_></weakClassifiers></_>
    <!-- stage 3 -->
    <_>
      <maxWeakCount>5</maxWeakCount>
      <stageThreshold>-2.7186530828475952e-01</stageThreshold>
      <weakClassifiers>
        <_>
          <internalNodes>
            0 -1 8 1.7002432141453028e-03</internalNodes>
          <leafValues>
            5.4992522222076880e-17 9.4339621067047119e-01</leafValues></_>
        <_>
          <internalNodes>
            0 -1 116 1.9861354958266020e-03</internalNodes>
          <leafValues>
            -2.1794430911540985e-01 8.7191945314407349e-01</leafValues></_>
        <_>
          <internalNodes>
            0 -1 109 -5.8797397650778294e-04</internalNodes>
          <leafValues>
            6.1494958400726318e-01 -3.5712277889251709e-01</leafValues></_>
        <_>
          <internalNodes>
            0 -1 17 6.3568702898919582e-04</internalNodes>
          <leafValues>
            -2.7778646349906921e-01 8.0019068717956543e-01</leafValues></_>
        <_>
          <internalNodes>
            0 -1 50 4.8733403673395514e-04</internalNodes>
          <leafValues>
            -3.6240798234939575e-01 6.4655804634094238e-01</leafValues></_></weakClassifiers></_>
    <!-- stage 4 -->
    <_>
      <maxWeakCount>7</maxWeakCount>
      <stageThreshold>-1.3073377311229706e-01</stageThreshold>
      <weakClassifiers>
        <_>
          <internalNodes>
            0 -1 128 8.3159990608692169e-03</internalNodes>
          <leafValues>
            1.5228426083922386e-02 9.4174754619598389e-01</leafValues></_>
        <_>
          <internalNodes>
            0 -1 42 1.1177570559084415e-03</internalNodes>
          <leafValues>
            -2.5358450412750244e-01 7.5740826129913330e-01</leafValues></_>
        <_>
          <internalNodes>
            0 -1 103 5.3422781638801098e-04</internalNodes>
          <leafValues>
            -4.4264566898345947e-01 5.0903707742691040e-01</leafValues></_>
        <_>
          <internalNodes>
            0 -1 72 -5.5327851441688836e-05</internalNodes>
          <leafValues>
            6.3420504331588745e-01 -4.1059520840644836e-01</leafValues></_>
        <_>
          <internalNodes>
            0 -1 112 4.7333715483546257e-03</internalNodes>
          <leafValues>
            -2.9228028655052185e-01 8.7178415060043335e-01</leafValues></_>
        <_>
          <internalNodes>
            0 -1 73 8.2094094250351191e-04</internalNodes>
          <leafValues>
            -2.8409272432327271e-01 7.5308787822723389e-01</leafValues></_>
        <_>
          <internalNodes>
            0 -1 4 4.7653960064053535e-03</internalNodes>
          <leafValues>
            -3.4096568822860718e-01 6.3172268867492676e-01</leafValues></_></weakClassifiers></_>
    <!-- stage 5 -->
    <_>
      <maxWeakCount>8</maxWeakCount>
      <stageThreshold>-2.1418227255344391e-01</stageThreshold>
      <weakClassifiers>
        <_>
          <internalNodes>
            0 -1 114 -1.1072113411501050e-03</internalNodes>
          <leafValues>
            7.7483445405960083e-01 -1.1409395933151245e-01</leafValues></_>
        <_>
          <internalNodes>
            0 -1 134 1.2996334116905928e-03</internalNodes>
          <leafValues>
            -2.1875898540019989e-01 6.6299539804458618e-01</leafValues></_>
        <_>
          <internalNodes>
            0 -1 49 6.4691323786973953e-03</internalNodes>
          <leafValues>
            -3.3979061245918274e-01 6.4527094364166260e-01</leafValues></_>
        <_>
          <internalNodes>
            0 -1 129 5.1756735047092661e-05</internalNodes>
          <leafValues>
            -3.3489385247230530e-01 6.1321896314620972e-01</leafValues></_>
        <_>
          <internalNodes>
            0 -1 105 1.9994385074824095e-03</internalNodes>
          <leafValues>
            -3.6938175559043884e-01 5.1425784826278687e-01</leafValues></_>
        <_>
          <internalNodes>
            0 -1 16 2.0982802379876375e-03</internalNodes>
          <leafValues>
            -2.4256795644760132e-01 8.3448719978332520e-01</leafValues></_>
        <_>
          <internalNodes>
            0 -1 126 4.1519574820995331e-02</internalNodes>
          <leafValues>
            2.9009166359901428e-01 -8.7296032905578613e-01</leafValues></_>
        <_>
          <internalNodes>
            0 -1 100 -1.7242708054254763e-05</internalNodes>
          <leafValues>
            5.8399856090545654e-01 -3.7605723738670349e-01</leafValues></_></weakClassifiers></_>
    <!-- stage 6 -->
    <_>
      <maxWeakCount>7</maxWeakCount>
      <stageThreshold>-6.8343544006347656e-01</stageThreshold>
      <weakClassifiers>
        <_>
          <internalNodes>
            0 -1 58 -5.6408913806080818e-03</internalNodes>
          <leafValues>
            -5.0000000000000000e-01 5.7758623361587524e-01</leafValues></_>
        <_>
          <internalNodes>
            0 -1 19 -2.1019686013460159e-02</internalNodes>
          <leafValues>
            7.4678385257720947e-01 -2.0350064337253571e-01</leafValues></_>
        <_>
          <internalNodes>
            0 -1 64 -1.6347068594768643e-03</internalNodes>
          <leafValues>
            -7.5923806428909302e-01 2.8225296735763550e-01</leafValues></_>
        <_>
          <internalNodes>
            0 -1 94 4.6146247768774629e-04</internalNodes>
          <leafValues>
            -4.1292726993560791e-01 4.3684813380241394e-01</leafValues></_>
        <_>
          <internalNodes>
            0 -1 115 1.6415589489042759e-03</internalNodes>
          <leafValues>
            2.2915603220462799e-01 -8.3167839050292969e-01</leafValues></_>
        <_>
          <internalNodes>
            0 -1 56 7.9779744148254395e-02</internalNodes>
          <leafValues>
            -2.2374512255191803e-01 8.8906812667846680e-01</leafValues></_>
        <_>
          <internalNodes>
            0 -1 68 5.8910036459565163e-03</internalNodes>
          <leafValues>
            2.3653514683246613e-01 -9.3722820281982422e-01</leafValues></_></weakClassifiers></_>
    <!-- stage 7 -->
    <_>
      <maxWeakCount>5</maxWeakCount>
      <stageThreshold>-6.3029003143310547e-01</stageThreshold>
      <weakClassifiers>
        <_>
          <internalNodes>
            0 -1 89 6.2355436384677887e-03</internalNodes>
          <leafValues>
            5.3725492954254150e-01 -8.2222223281860352e-01</leafValues></_>
        <_>
          <internalNodes>
            0 -1 79 -4.6496586874127388e-03</internalNodes>
          <leafValues>
            -8.0532938241958618e-01 3.6738505959510803e-01</leafValues></_>
        <_>
          <internalNodes>
            0 -1 117 -1.8641755450516939e-03</internalNodes>
          <leafValues>
            -7.7814090251922607e-01 2.6405125856399536e-01</leafValues></_>
        <_>
          <internalNodes>
            0 -1 57 -1.6210898756980896e-03</internalNodes>
          <leafValues>
            -7.4596816301345825e-01 3.3525469899177551e-01</leafValues></_>
        <_>
          <internalNodes>
            0 -1 70 -2.5158221833407879e-03</internalNodes>
          <leafValues>
            -8.4954410791397095e-01 2.6743331551551819e-01</leafValues></_></weakClassifiers></_>
    <!-- stage 8 -->
    <_>
      <maxWeakCount>6</maxWeakCount>
      <stageThreshold>-9.8940533399581909e-01</stageThreshold>
      <weakClassifiers>
        <_>
          <internalNodes>
            0 -1 92 -2.3305607028305531e-03</internalNodes>
          <leafValues>
            -6.1643832921981812e-01 6.3876652717590332e-01</leafValues></_>
        <_>
          <internalNodes>
            0 -1 88 -4.8416275531053543e-03</internalNodes>
          <leafValues>
            -8.8230568170547485e-01 3.1603872776031494e-01</leafValues></_>
        <_>
          <internalNodes>
            0 -1 101 -7.2373950388282537e-04</internalNodes>
          <leafValues>
            -7.1663981676101685e-01 3.6348688602447510e-01</leafValues></_>
        <_>
          <internalNodes>
            0 -1 106 -9.8517327569425106e-04</internalNodes>
          <leafValues>
            -7.4250012636184692e-01 2.6240080595016479e-01</leafValues></_>
        <_>
          <internalNodes>
            0 -1 91 -1.2232307344675064e-03</internalNodes>
          <leafValues>
            -8.6602383852005005e-01 2.2093254327774048e-01</leafValues></_>
        <_>
          <internalNodes>
            0 -1 54 -3.5079236840829253e-04</internalNodes>
          <leafValues>
            -5.3092497587203979e-01 3.6679640412330627e-01</leafValues></_></weakClassifiers></_>
    <!-- stage 9 -->
    <_>
      <maxWeakCount>8</maxWeakCount>
      <stageThreshold>-4.8741927742958069e-01</stageThreshold>
      <weakClassifiers>
        <_>
          <internalNodes>
            0 -1 86 1.9470377592369914e-03</internalNodes>
          <leafValues>
            5.0579148530960083e-01 -7.5609755516052246e-01</leafValues></_>
        <_>
          <internalNodes>
            0 -1 9 -1.8201600760221481e-03</internalNodes>
          <leafValues>
            -5.9745997190475464e-01 3.1423625349998474e-01</leafValues></_>
        <_>
          <internalNodes>
            0 -1 28 1.6657961532473564e-04</internalNodes>
          <leafValues>
            -4.0670937299728394e-01 4.5677652955055237e-01</leafValues></_>
        <_>
          <internalNodes>
            0 -1 96 -6.6182389855384827e-03</internalNodes>
          <leafValues>
            -7.0225805044174194e-01 2.7538913488388062e-01</leafValues></_>
        <_>
          <internalNodes>
            0 -1 125 1.2729780282825232e-03</internalNodes>
          <leafValues>
            -3.9264014363288879e-01 4.6512028574943542e-01</leafValues></_>
        <_>
          <internalNodes>
            0 -1 71 -1.1870609596371651e-03</internalNodes>
          <leafValues>
            -7.3846858739852905e-01 2.7111029624938965e-01</leafValues></_>
        <_>
          <internalNodes>
            0 -1 124 1.2205714592710137e-03</internalNodes>
          <leafValues>
            2.2164793312549591e-01 -8.3214855194091797e-01</leafValues></_>
        <_>
          <internalNodes>
            0 -1 7 1.2519468553364277e-02</internalNodes>
          <leafValues>
            -2.6666602492332458e-01 9.1232907772064209e-01</leafValues></_></weakClassifiers></_>
    <!-- stage 10 -->
    <_>
      <maxWeakCount>7</maxWeakCount>
      <stageThreshold>-9.6465986967086792e-01</stageThreshold>
      <weakClassifiers>
        <_>
          <internalNodes>
            0 -1 78 2.6426734402775764e-03</internalNodes>
          <leafValues>
            5.3658539056777954e-01 -5.9259259700775146e-01</leafValues></_>
        <_>
          <internalNodes>
            0 -1 67 2.8254892677068710e-03</internalNodes>
          <leafValues>
            2.8919136524200439e-01 -7.3613440990447998e-01</leafValues></_>
        <_>
          <internalNodes>
            0 -1 33 -4.2434898205101490e-03</internalNodes>
          <leafValues>
            -6.8444299697875977e-01 2.6087138056755066e-01</leafValues></_>
        <_>
          <internalNodes>
            0 -1 23 7.5407484546303749e-03</internalNodes>
          <leafValues>
            -2.8361779451370239e-01 7.6952409744262695e-01</leafValues></_>
        <_>
          <internalNodes>
            0 -1 60 -3.4242258407175541e-03</internalNodes>
          <leafValues>
            -6.2074571847915649e-01 3.1711080670356750e-01</leafValues></_>
        <_>
          <internalNodes>
            0 -1 34 5.3276313701644540e-04</internalNodes>
          <leafValues>
            -5.0798988342285156e-01 4.1932773590087891e-01</leafValues></_>
        <_>
          <internalNodes>
            0 -1 43 -6.4118122681975365e-03</internalNodes>
          <leafValues>
            -6.9144564867019653e-01 2.7854371070861816e-01</leafValues></_></weakClassifiers></_>
    <!-- stage 11 -->
    <_>
      <maxWeakCount>7</maxWeakCount>
      <stageThreshold>-5.7690984010696411e-01</stageThreshold>
      <weakClassifiers>
        <_>
          <internalNodes>
            0 -1 102 2.3371740244328976e-03</internalNodes>
          <leafValues>
            4.6468400955200195e-01 -8.0645161867141724e-01</leafValues></_>
        <_>
          <internalNodes>
            0 -1 31 2.8256722725927830e-03</internalNodes>
          <leafValues>
            3.2204875349998474e-01 -6.2306421995162964e-01</leafValues></_>
        <_>
          <internalNodes>
            0 -1 5 8.1364028155803680e-03</internalNodes>
          <leafValues>
            -3.0667150020599365e-01 7.9518318176269531e-01</leafValues></_>
        <_>
          <internalNodes>
            0 -1 63 -2.9826931655406952e-02</internalNodes>
          <leafValues>
            -5.9817183017730713e-01 2.9823756217956543e-01</leafValues></_>
        <_>
          <internalNodes>
            0 -1 52 2.7377931473893113e-05</internalNodes>
          <leafValues>
            -4.9392217397689819e-01 3.0561026930809021e-01</leafValues></_>
        <_>
          <internalNodes>
            0 -1 48 -2.3542637936770916e-03</internalNodes>
          <leafValues>
            -7.2626471519470215e-01 2.8987225890159607e-01</leafValues></_>
        <_>
          <internalNodes>
            0 -1 6 -1.2878504581749439e-02</internalNodes>
          <leafValues>
            8.7383365631103516e-01 -2.5474932789802551e-01</leafValues></_></weakClassifiers></_>
    <!-- stage 12 -->
    <_>
      <maxWeakCount>6</maxWeakCount>
      <stageThreshold>-4.8573628067970276e-02</stageThreshold>
      <weakClassifiers>
        <_>
          <internalNodes>
            0 -1 35 1.5374576672911644e-02</internalNodes>
          <leafValues>
            4.7211897373199463e-01 -8.7096774578094482e-01</leafValues></_>
        <_>
          <internalNodes>
            0 -1 85 -2.2071083076298237e-03</internalNodes>
          <leafValues>
            -7.3721438646316528e-01 3.6103275418281555e-01</leafValues></_>
        <_>
          <internalNodes>
            0 -1 13 1.7204940319061279e-02</internalNodes>
          <leafValues>
            -2.5371831655502319e-01 1.</leafValues></_>
        <_>
          <internalNodes>
            0 -1 53 -9.9083059467375278e-04</internalNodes>
          <leafValues>
            -5.8467525243759155e-01 3.4316873550415039e-01</leafValues></_>
        <_>
          <internalNodes>
            0 -1 87 -5.6907866382971406e-04</internalNodes>
          <leafValues>
            -6.1743986606597900e-01 3.6402976512908936e-01</leafValues></_>
        <_>
          <internalNodes>
            0 -1 13 -1.9891731441020966e-02</internalNodes>
          <leafValues>
            1. -2.3695842921733856e-01</leafValues></_></weakClassifiers></_>
    <!-- stage 13 -->
    <_>
      <maxWeakCount>6</maxWeakCount>
      <stageThreshold>-1.6096901893615723e-01</stageThreshold>
      <weakClassifiers>
        <_>
          <internalNodes>
            0 -1 37 -4.2006321251392365e-02</internalNodes>
          <leafValues>
            -6.4444446563720703e-01 5.0588238239288330e-01</leafValues></_>
        <_>
          <internalNodes>
            0 -1 81 -2.2228466346859932e-02</internalNodes>
          <leafValues>
            -6.1858415603637695e-01 3.3556827902793884e-01</leafValues></_>
        <_>
          <internalNodes>
            0 -1 14 4.0883147157728672e-03</internalNodes>
          <leafValues>
            -3.1987702846527100e-01 6.9541674852371216e-01</leafValues></_>
        <_>
          <internalNodes>
            0 -1 29 -4.1512046009302139e-02</internalNodes>
          <leafValues>
            -6.7513704299926758e-01 3.0755513906478882e-01</leafValues></_>
        <_>
          <internalNodes>
            0 -1 131 4.4211847707629204e-03</internalNodes>
          <leafValues>
            -2.9638180136680603e-01 6.9337493181228638e-01</leafValues></_>
        <_>
          <internalNodes>
            0 -1 130 -4.1025539394468069e-04</internalNodes>
          <leafValues>
            -5.0104612112045288e-01 4.5661082863807678e-01</leafValues></_></weakClassifiers></_>
    <!-- stage 14 -->
    <_>
      <maxWeakCount>6</maxWeakCount>
      <stageThreshold>-5.3911286592483521e-01</stageThreshold>
      <weakClassifiers>
        <_>
          <internalNodes>
            0 -1 74 -1.8491283059120178e-02</internalNodes>
          <leafValues>
            -8.0952382087707520e-01 5.1937985420227051e-01</leafValues></_>
        <_>
          <internalNodes>
            0 -1 38 -6.3665449619293213e-02</internalNodes>
          <leafValues>
            -6.7469227313995361e-01 3.0537596344947815e-01</leafValues></_>
        <_>
          <internalNodes>
            0 -1 51 6.9102942943572998e-02</internalNodes>
          <leafValues>
            2.9159128665924072e-01 -6.7965769767761230e-01</leafValues></_>
        <_>
          <internalNodes>
            0 -1 69 -2.3126725107431412e-02</internalNodes>
          <leafValues>
            -6.8039387464523315e-01 3.7389680743217468e-01</leafValues></_>
        <_>
          <internalNodes>
            0 -1 121 -6.4482809975743294e-03</internalNodes>
          <leafValues>
            7.5989699363708496e-01 -2.8836518526077271e-01</leafValues></_>
        <_>
          <internalNodes>
            0 -1 84 -1.3547467533499002e-03</internalNodes>
          <leafValues>
            -6.8647474050521851e-01 2.8454810380935669e-01</leafValues></_></weakClassifiers></_>
    <!-- stage 15 -->
    <_>
      <maxWeakCount>9</maxWeakCount>
      <stageThreshold>-4.9697631597518921e-01</stageThreshold>
      <weakClassifiers>
        <_>
          <internalNodes>
            0 -1 24 3.9127398282289505e-02</internalNodes>
          <leafValues>
            4.9218750000000000e-01 -5.9090906381607056e-01</leafValues></_>
        <_>
          <internalNodes>
            0 -1 123 -7.1517927572131157e-03</internalNodes>
          <leafValues>
            8.4933173656463623e-01 -1.7235961556434631e-01</leafValues></_>
        <_>
          <internalNodes>
            0 -1 12 6.6382819786667824e-03</internalNodes>
          <leafValues>
            -1.1670975387096405e-01 1.</leafValues></_>
        <_>
          <internalNodes>
            0 -1 108 -3.1194090843200684e-03</internalNodes>
          <leafValues>
            9.7384178638458252e-01 -1.1127566546201706e-01</leafValues></_>
        <_>
          <internalNodes>
            0 -1 36 4.9412269145250320e-03</internalNodes>
          <leafValues>
            -2.0827324688434601e-01 6.3519632816314697e-01</leafValues></_>
        <_>
          <internalNodes>
            0 -1 107 -7.7297957614064217e-04</internalNodes>
          <leafValues>
            6.6178953647613525e-01 -2.6538780331611633e-01</leafValues></_>
        <_>
          <internalNodes>
            0 -1 83 -2.0492650219239295e-04</internalNodes>
          <leafValues>
            -5.8926606178283691e-01 3.0151259899139404e-01</leafValues></_>
        <_>
          <internalNodes>
            0 -1 77 -3.3884035656228662e-04</internalNodes>
          <leafValues>
            -7.2288441658020020e-01 2.3503769934177399e-01</leafValues></_>
        <_>
          <internalNodes>
            0 -1 135 1.4665657654404640e-03</internalNodes>
          <leafValues>
            -3.8490387797355652e-01 5.4584115743637085e-01</leafValues></_></weakClassifiers></_>
    <!-- stage 16 -->
    <_>
      <maxWeakCount>8</maxWeakCount>
      <stageThreshold>-6.8381977081298828e-01</stageThreshold>
      <weakClassifiers>
        <_>
          <internalNodes>
            0 -1 40 1.4654392004013062e-01</internalNodes>
          <leafValues>
            5.2789700031280518e-01 -3.4328359365463257e-01</leafValues></_>
        <_>
          <internalNodes>
            0 -1 127 1.3474784791469574e-02</internalNodes>
          <leafValues>
            -1.9816038012504578e-01 8.6954057216644287e-01</leafValues></_>
        <_>
          <internalNodes>
            0 -1 44 -6.6141933202743530e-02</internalNodes>
          <leafValues>
            -6.6412752866744995e-01 2.8546026349067688e-01</leafValues></_>
        <_>
          <internalNodes>
            0 -1 15 9.9230064079165459e-03</internalNodes>
          <leafValues>
            -2.1434852480888367e-01 9.2017251253128052e-01</leafValues></_>
        <_>
          <internalNodes>
            0 -1 119 1.0704272426664829e-03</internalNodes>
          <leafValues>
            -2.4295109510421753e-01 7.2114729881286621e-01</leafValues></_>
        <_>
          <internalNodes>
            0 -1 30 -3.3459728583693504e-03</internalNodes>
          <leafValues>
            -5.9925198554992676e-01 3.1174454092979431e-01</leafValues></_>
        <_>
          <internalNodes>
            0 -1 93 2.6755896396934986e-03</internalNodes>
          <leafValues>
            -2.4071335792541504e-01 8.3592283725738525e-01</leafValues></_>
        <_>
          <internalNodes>
            0 -1 18 -8.8831968605518341e-04</internalNodes>
          <leafValues>
            6.7653673887252808e-01 -1.5968085825443268e-01</leafValues></_></weakClassifiers></_>
    <!-- stage 17 -->
    <_>
      <maxWeakCount>9</maxWeakCount>
      <stageThreshold>-4.5217156410217285e-01</stageThreshold>
      <weakClassifiers>
        <_>
          <internalNodes>
            0 -1 26 1.1263253167271614e-02</internalNodes>
          <leafValues>
            -4.7619048506021500e-02 6.9934642314910889e-01</leafValues></_>
        <_>
          <internalNodes>
            0 -1 66 4.0591828525066376e-02</internalNodes>
          <leafValues>
            -1.2342870235443115e-01 8.5159695148468018e-01</leafValues></_>
        <_>
          <internalNodes>
            0 -1 111 4.9169152043759823e-03</internalNodes>
          <leafValues>
            -2.1995539963245392e-01 7.4717396497726440e-01</leafValues></_>
        <_>
          <internalNodes>
            0 -1 46 -3.8212412036955357e-03</internalNodes>
          <leafValues>
            7.5476837158203125e-01 -1.4121668040752411e-01</leafValues></_>
        <_>
          <internalNodes>
            0 -1 122 5.4607498459517956e-03</internalNodes>
          <leafValues>
            -1.9935983419418335e-01 7.4926757812500000e-01</leafValues></_>
        <_>
          <internalNodes>
            0 -1 75 -7.4509149417281151e-03</internalNodes>
          <leafValues>
            -7.2574669122695923e-01 2.8087243437767029e-01</leafValues></_>
        <_>
          <internalNodes>
            0 -1 132 1.3339828699827194e-02</internalNodes>
          <leafValues>
            -2.6747655868530273e-01 6.4365333318710327e-01</leafValues></_>
        <_>
          <internalNodes>
            0 -1 1 -1.2171112000942230e-02</internalNodes>
          <leafValues>
            8.5627156496047974e-01 -1.7011186480522156e-01</leafValues></_>
        <_>
          <internalNodes>
            0 -1 0 9.4202589243650436e-03</internalNodes>
          <leafValues>
            -3.1084135174751282e-01 7.3644721508026123e-01</leafValues></_></weakClassifiers></_>
    <!-- stage 18 -->
    <_>
      <maxWeakCount>8</maxWeakCount>
      <stageThreshold>-6.2536770105361938e-01</stageThreshold>
      <weakClassifiers>
        <_>
          <internalNodes>
            0 -1 55 7.8113555908203125e-02</internalNodes>
          <leafValues>
            5.2032518386840820e-01 -5.1851850748062134e-01</leafValues></_>
        <_>
          <internalNodes>
            0 -1 95 1.2296315981075168e-03</internalNodes>
          <leafValues>
            2.4309103190898895e-01 -7.7263289690017700e-01</leafValues></_>
        <_>
          <internalNodes>
            0 -1 61 3.0477975960820913e-03</internalNodes>
          <leafValues>
            3.6531195044517517e-01 -4.4776341319084167e-01</leafValues></_>
        <_>
          <internalNodes>
            0 -1 98 -3.4836940467357635e-03</internalNodes>
          <leafValues>
            -4.9841508269309998e-01 3.5883989930152893e-01</leafValues></_>
        <_>
          <internalNodes>
            0 -1 82 -8.7549386080354452e-04</internalNodes>
          <leafValues>
            -6.8573039770126343e-01 2.5605452060699463e-01</leafValues></_>
        <_>
          <internalNodes>
            0 -1 45 -4.4931387528777122e-03</internalNodes>
          <leafValues>
            -4.3831369280815125e-01 3.5921567678451538e-01</leafValues></_>
        <_>
          <internalNodes>
            0 -1 118 1.3648734893649817e-03</internalNodes>
          <leafValues>
            2.1192532777786255e-01 -6.8308544158935547e-01</leafValues></_>
        <_>
          <internalNodes>
            0 -1 120 3.1667803414165974e-03</internalNodes>
          <leafValues>
            -2.4650321900844574e-01 7.0356607437133789e-01</leafValues></_></weakClassifiers></_>
    <!-- stage 19 -->
    <_>
      <maxWeakCount>9</maxWeakCount>
      <stageThreshold>-6.8867468833923340e-01</stageThreshold>
      <weakClassifiers>
        <_>
          <internalNodes>
            0 -1 76 -1.6313667874783278e-03</internalNodes>
          <leafValues>
            -6.2162160873413086e-01 4.6768060326576233e-01</leafValues></_>
        <_>
          <internalNodes>
            0 -1 65 1.7624570056796074e-02</internalNodes>
          <leafValues>
            3.0019509792327881e-01 -5.3702294826507568e-01</leafValues></_>
        <_>
          <internalNodes>
            0 -1 22 6.9754244759678841e-03</internalNodes>
          <leafValues>
            -2.0726291835308075e-01 7.7817875146865845e-01</leafValues></_>
        <_>
          <internalNodes>
            0 -1 39 -1.6693620709702373e-03</internalNodes>
          <leafValues>
            -5.3950917720794678e-01 2.7427187561988831e-01</leafValues></_>
        <_>
          <internalNodes>
            0 -1 25 -4.2842082679271698e-02</internalNodes>
          <leafValues>
            -8.4352397918701172e-01 2.1882283687591553e-01</leafValues></_>
        <_>
          <internalNodes>
            0 -1 32 -1.3802619650959969e-02</internalNodes>
          <leafValues>
            -5.1854288578033447e-01 2.5954684615135193e-01</leafValues></_>
        <_>
          <internalNodes>
            0 -1 62 -2.1390963345766068e-02</internalNodes>
          <leafValues>
            -6.4897871017456055e-01 2.5502097606658936e-01</leafValues></_>
        <_>
          <internalNodes>
            0 -1 113 -2.7368916562409140e-05</internalNodes>
          <leafValues>
            -4.3607848882675171e-01 3.6998227238655090e-01</leafValues></_>
        <_>
          <internalNodes>
            0 -1 90 -4.3800388812087476e-04</internalNodes>
          <leafValues>
            7.2270101308822632e-01 -1.9784341752529144e-01</leafValues></_></weakClassifiers></_></stages>
  <features>
    <_>
      <rects>
        <_>
          0 0 3 17 -1.</_>
        <_>
          1 0 1 17 3.</_></rects>
      <tilted>0</tilted></_>
    <_>
      <rects>
        <_>
          0 0 3 22 -1.</_>
        <_>
          1 0 1 22 3.</_></rects>
      <tilted>0</tilted></_>
    <_>
      <rects>
        <_>
          0 0 6 7 -1.</_>
        <_>
          3 0 3 7 2.</_></rects>
      <tilted>0</tilted></_>
    <_>
      <rects>
        <_>
          0 0 8 2 -1.</_>
        <_>
          4 0 4 2 2.</_></rects>
      <tilted>0</tilted></_>
    <_>
      <rects>
        <_>
          0 0 6 6 -1.</_>
        <_>
          0 3 6 3 2.</_></rects>
      <tilted>0</tilted></_>
    <_>
      <rects>
        <_>
          0 1 3 14 -1.</_>
        <_>
          1 1 1 14 3.</_></rects>
      <tilted>0</tilted></_>
    <_>
      <rects>
        <_>
          0 3 2 20 -1.</_>
        <_>
          1 3 1 20 2.</_></rects>
      <tilted>0</tilted></_>
    <_>
      <rects>
        <_>
          0 5 2 15 -1.</_>
        <_>
          1 5 1 15 2.</_></rects>
      <tilted>0</tilted></_>
    <_>
      <rects>
        <_>
          0 6 3 6 -1.</_>
        <_>
          1 6 1 6 3.</_></rects>
      <tilted>0</tilted></_>
    <_>
      <rects>
        <_>
          0 8 9 2 -1.</_>
        <_>
          0 9 9 1 2.</_></rects>
      <tilted>0</tilted></_>
    <_>
      <rects>
        <_>
          0 8 22 3 -1.</_>
        <_>
          0 9 22 1 3.</_></rects>
      <tilted>0</tilted></_>
    <_>
      <rects>
        <_>
          0 12 24 4 -1.</_>
        <_>
          0 14 24 2 2.</_></rects>
      <tilted>0</tilted></_>
    <_>
      <rects>
        <_>
          0 13 2 5 -1.</_>
        <_>
          1 13 1 5 2.</_></rects>
      <tilted>0</tilted></_>
    <_>
      <rects>
        <_>
          0 13 3 11 -1.</_>
        <_>
          1 13 1 11 3.</_></rects>
      <tilted>0</tilted></_>
    <_>
      <rects>
        <_>
          0 14 3 10 -1.</_>
        <_>
          1 14 1 10 3.</_></rects>
      <tilted>0</tilted></_>
    <_>
      <rects>
        <_>
          0 15 3 9 -1.</_>
        <_>
          1 15 1 9 3.</_></rects>
      <tilted>0</tilted></_>
    <_>
      <rects>
        <_>
          0 16 3 3 -1.</_>
        <_>
          1 16 1 3 3.</_></rects>
      <tilted>0</tilted></_>
    <_>
      <rects>
        <_>
          0 18 3 2 -1.</_>
        <_>
          1 18 1 2 3.</_></rects>
      <tilted>0</tilted></_>
    <_>
      <rects>
        <_>
          0 23 3 1 -1.</_>
        <_>
          1 23 1 1 3.</_></rects>
      <tilted>0</tilted></_>
    <_>
      <rects>
        <_>
          1 0 16 8 -1.</_>
        <_>
          1 0 8 4 2.</_>
        <_>
          9 4 8 4 2.</_></rects>
      <tilted>0</tilted></_>
    <_>
      <rects>
        <_>
          1 1 6 7 -1.</_>
        <_>
          4 1 3 7 2.</_></rects>
      <tilted>0</tilted></_>
    <_>
      <rects>
        <_>
          1 1 6 21 -1.</_>
        <_>
          4 1 3 21 2.</_></rects>
      <tilted>0</tilted></_>
    <_>
      <rects>
        <_>
          1 2 20 2 -1.</_>
        <_>
          1 3 20 1 2.</_></rects>
      <tilted>0</tilted></_>
    <_>
      <rects>
        <_>
          1 3 2 21 -1.</_>
        <_>
          2 3 1 21 2.</_></rects>
      <tilted>0</tilted></_>
    <_>
      <rects>
        <_>
          1 3 4 15 -1.</_>
        <_>
          1 8 4 5 3.</_></rects>
      <tilted>0</tilted></_>
    <_>
      <rects>
        <_>
          1 3 12 11 -1.</_>
        <_>
          5 3 4 11 3.</_></rects>
      <tilted>0</tilted></_>
    <_>
      <rects>
        <_>
          1 5 9 16 -1.</_>
        <_>
          4 5 3 16 3.</_></rects>
      <tilted>0</tilted></_>
    <_>
      <rects>
        <_>
          1 11 6 4 -1.</_>
        <_>
          4 11 3 4 2.</_></rects>
      <tilted>0</tilted></_>
    <_>
      <rects>
        <_>
          1 18 4 1 -1.</_>
        <_>
          3 18 2 1 2.</_></rects>
      <tilted>0</tilted></_>
    <_>
      <rects>
        <_>
          2 1 8 22 -1.</_>
        <_>
          2 1 4 11 2.</_>
        <_>
          6 12 4 11 2.</_></rects>
      <tilted>0</tilted></_>
    <_>
      <rects>
        <_>
          2 5 8 4 -1.</_>
        <_>
          2 5 4 2 2.</_>
        <_>
          6 7 4 2 2.</_></rects>
      <tilted>0</tilted></_>
    <_>
      <rects>
        <_>
          2 12 1 6 -1.</_>
        <_>
          2 14 1 2 3.</_></rects>
      <tilted>0</tilted></_>
    <_>
      <rects>
        <_>
          2 12 8 12 -1.</_>
        <_>
          2 12 4 6 2.</_>
        <_>
          6 18 4 6 2.</_></rects>
      <tilted>0</tilted></_>
    <_>
      <rects>
        <_>
          2 15 18 3 -1.</_>
        <_>
          2 16 18 1 3.</_></rects>
      <tilted>0</tilted></_>
    <_>
      <rects>
        <_>
          2 21 6 2 -1.</_>
        <_>
          4 21 2 2 3.</_></rects>
      <tilted>0</tilted></_>
    <_>
      <rects>
        <_>
          3 0 4 14 -1.</_>
        <_>
          3 0 2 7 2.</_>
        <_>
          5 7 2 7 2.</_></rects>
      <tilted>0</tilted></_>
    <_>
      <rects>
        <_>
          3 2 3 6 -1.</_>
        <_>
          3 4 3 2 3.</_></rects>
      <tilted>0</tilted></_>
    <_>
      <rects>
        <_>
          3 2 9 22 -1.</_>
        <_>
          6 2 3 22 3.</_></rects>
      <tilted>0</tilted></_>
    <_>
      <rects>
        <_>
          3 2 15 13 -1.</_>
        <_>
          8 2 5 13 3.</_></rects>
      <tilted>0</tilted></_>
    <_>
      <rects>
        <_>
          3 4 1 6 -1.</_>
        <_>
          3 7 1 3 2.</_></rects>
      <tilted>0</tilted></_>
    <_>
      <rects>
        <_>
          3 6 21 12 -1.</_>
        <_>
          10 6 7 12 3.</_></rects>
      <tilted>0</tilted></_>
    <_>
      <rects>
        <_>
          3 8 1 3 -1.</_>
        <_>
          3 9 1 1 3.</_></rects>
      <tilted>0</tilted></_>
    <_>
      <rects>
        <_>
          3 10 3 10 -1.</_>
        <_>
          4 10 1 10 3.</_></rects>
      <tilted>0</tilted></_>
    <_>
      <rects>
        <_>
          3 10 6 10 -1.</_>
        <_>
          5 10 2 10 3.</_></rects>
      <tilted>0</tilted></_>
    <_>
      <rects>
        <_>
          3 14 21 10 -1.</_>
        <_>
          10 14 7 10 3.</_></rects>
      <tilted>0</tilted></_>
    <_>
      <rects>
        <_>
          4 1 10 3 -1.</_>
        <_>
          9 1 5 3 2.</_></rects>
      <tilted>0</tilted></_>
    <_>
      <rects>
        <_>
          4 1 12 2 -1.</_>
        <_>
          4 2 12 1 2.</_></rects>
      <tilted>0</tilted></_>
    <_>
      <rects>
        <_>
          4 3 14 6 -1.</_>
        <_>
          11 3 7 6 2.</_></rects>
      <tilted>0</tilted></_>
    <_>
      <rects>
        <_>
          4 13 3 2 -1.</_>
        <_>
          4 14 3 1 2.</_></rects>
      <tilted>0</tilted></_>
    <_>
      <rects>
        <_>
          4 13 4 9 -1.</_>
        <_>
          4 16 4 3 3.</_></rects>
      <tilted>0</tilted></_>
    <_>
      <rects>
        <_>
          5 1 3 3 -1.</_>
        <_>
          5 2 3 1 3.</_></rects>
      <tilted>0</tilted></_>
    <_>
      <rects>
        <_>
          5 1 18 8 -1.</_>
        <_>
          11 1 6 8 3.</_></rects>
      <tilted>0</tilted></_>
    <_>
      <rects>
        <_>
          5 6 6 2 -1.</_>
        <_>
          7 6 2 2 3.</_></rects>
      <tilted>0</tilted></_>
    <_>
      <rects>
        <_>
          5 20 6 1 -1.</_>
        <_>
          7 20 2 1 3.</_></rects>
      <tilted>0</tilted></_>
    <_>
      <rects>
        <_>
          5 20 4 3 -1.</_>
        <_>
          5 21 4 1 3.</_></rects>
      <tilted>0</tilted></_>
    <_>
      <rects>
        <_>
          6 0 12 20 -1.</_>
        <_>
          6 0 6 10 2.</_>
        <_>
          12 10 6 10 2.</_></rects>
      <tilted>0</tilted></_>
    <_>
      <rects>
        <_>
          6 2 7 21 -1.</_>
        <_>
          6 9 7 7 3.</_></rects>
      <tilted>0</tilted></_>
    <_>
      <rects>
        <_>
          6 8 3 3 -1.</_>
        <_>
          6 9 3 1 3.</_></rects>
      <tilted>0</tilted></_>
    <_>
      <rects>
        <_>
          6 8 16 3 -1.</_>
        <_>
          6 9 16 1 3.</_></rects>
      <tilted>0</tilted></_>
    <_>
      <rects>
        <_>
          6 12 4 3 -1.</_>
        <_>
          6 13 4 1 3.</_></rects>
      <tilted>0</tilted></_>
    <_>
      <rects>
        <_>
          6 14 15 3 -1.</_>
        <_>
          6 15 15 1 3.</_></rects>
      <tilted>0</tilted></_>
    <_>
      <rects>
        <_>
          6 16 4 8 -1.</_>
        <_>
          6 16 2 4 2.</_>
        <_>
          8 20 2 4 2.</_></rects>
      <tilted>0</tilted></_>
    <_>
      <rects>
        <_>
          7 3 6 17 -1.</_>
        <_>
          10 3 3 17 2.</_></rects>
      <tilted>0</tilted></_>
    <_>
      <rects>
        <_>
          7 8 15 12 -1.</_>
        <_>
          12 8 5 12 3.</_></rects>
      <tilted>0</tilted></_>
    <_>
      <rects>
        <_>
          7 9 3 2 -1.</_>
        <_>
          7 10 3 1 2.</_></rects>
      <tilted>0</tilted></_>
    <_>
      <rects>
        <_>
          7 9 9 10 -1.</_>
        <_>
          10 9 3 10 3.</_></rects>
      <tilted>0</tilted></_>
    <_>
      <rects>
        <_>
          7 9 4 15 -1.</_>
        <_>
          7 14 4 5 3.</_></rects>
      <tilted>0</tilted></_>
    <_>
      <rects>
        <_>
          7 9 6 3 -1.</_>
        <_>
          7 10 6 1 3.</_></rects>
      <tilted>0</tilted></_>
    <_>
      <rects>
        <_>
          7 14 13 3 -1.</_>
        <_>
          7 15 13 1 3.</_></rects>
      <tilted>0</tilted></_>
    <_>
      <rects>
        <_>
          8 4 15 8 -1.</_>
        <_>
          13 4 5 8 3.</_></rects>
      <tilted>0</tilted></_>
    <_>
      <rects>
        <_>
          8 8 3 2 -1.</_>
        <_>
          9 8 1 2 3.</_></rects>
      <tilted>0</tilted></_>
    <_>
      <rects>
        <_>
          8 11 3 3 -1.</_>
        <_>
          8 12 3 1 3.</_></rects>
      <tilted>0</tilted></_>
    <_>
      <rects>
        <_>
          8 13 1 2 -1.</_>
        <_>
          8 14 1 1 2.</_></rects>
      <tilted>0</tilted></_>
    <_>
      <rects>
        <_>
          9 0 2 6 -1.</_>
        <_>
          9 0 1 3 2.</_>
        <_>
          10 3 1 3 2.</_></rects>
      <tilted>0</tilted></_>
    <_>
      <rects>
        <_>
          9 4 4 20 -1.</_>
        <_>
          9 4 2 10 2.</_>
        <_>
          11 14 2 10 2.</_></rects>
      <tilted>0</tilted></_>
    <_>
      <rects>
        <_>
          9 7 6 7 -1.</_>
        <_>
          11 7 2 7 3.</_></rects>
      <tilted>0</tilted></_>
    <_>
      <rects>
        <_>
          9 10 2 3 -1.</_>
        <_>
          10 10 1 3 2.</_></rects>
      <tilted>0</tilted></_>
    <_>
      <rects>
        <_>
          9 11 2 1 -1.</_>
        <_>
          10 11 1 1 2.</_></rects>
      <tilted>0</tilted></_>
    <_>
      <rects>
        <_>
          9 11 7 2 -1.</_>
        <_>
          9 12 7 1 2.</_></rects>
      <tilted>0</tilted></_>
    <_>
      <rects>
        <_>
          9 11 15 3 -1.</_>
        <_>
          9 12 15 1 3.</_></rects>
      <tilted>0</tilted></_>
    <_>
      <rects>
        <_>
          9 15 8 3 -1.</_>
        <_>
          9 16 8 1 3.</_></rects>
      <tilted>0</tilted></_>
    <_>
      <rects>
        <_>
          10 4 12 6 -1.</_>
        <_>
          14 4 4 6 3.</_></rects>
      <tilted>0</tilted></_>
    <_>
      <rects>
        <_>
          10 9 2 4 -1.</_>
        <_>
          10 9 1 2 2.</_>
        <_>
          11 11 1 2 2.</_></rects>
      <tilted>0</tilted></_>
    <_>
      <rects>
        <_>
          10 11 1 2 -1.</_>
        <_>
          10 12 1 1 2.</_></rects>
      <tilted>0</tilted></_>
    <_>
      <rects>
        <_>
          10 19 3 5 -1.</_>
        <_>
          11 19 1 5 3.</_></rects>
      <tilted>0</tilted></_>
    <_>
      <rects>
        <_>
          11 10 3 4 -1.</_>
        <_>
          12 10 1 4 3.</_></rects>
      <tilted>0</tilted></_>
    <_>
      <rects>
        <_>
          11 10 2 3 -1.</_>
        <_>
          11 11 2 1 3.</_></rects>
      <tilted>0</tilted></_>
    <_>
      <rects>
        <_>
          11 11 4 2 -1.</_>
        <_>
          11 11 2 1 2.</_>
        <_>
          13 12 2 1 2.</_></rects>
      <tilted>0</tilted></_>
    <_>
      <rects>
        <_>
          11 11 9 3 -1.</_>
        <_>
          11 12 9 1 3.</_></rects>
      <tilted>0</tilted></_>
    <_>
      <rects>
        <_>
          11 11 11 3 -1.</_>
        <_>
          11 12 11 1 3.</_></rects>
      <tilted>0</tilted></_>
    <_>
      <rects>
        <_>
          11 21 2 2 -1.</_>
        <_>
          11 21 1 1 2.</_>
        <_>
          12 22 1 1 2.</_></rects>
      <tilted>0</tilted></_>
    <_>
      <rects>
        <_>
          12 10 2 2 -1.</_>
        <_>
          12 11 2 1 2.</_></rects>
      <tilted>0</tilted></_>
    <_>
      <rects>
        <_>
          12 14 8 3 -1.</_>
        <_>
          12 15 8 1 3.</_></rects>
      <tilted>0</tilted></_>
    <_>
      <rects>
        <_>
          12 17 5 3 -1.</_>
        <_>
          12 18 5 1 3.</_></rects>
      <tilted>0</tilted></_>
    <_>
      <rects>
        <_>
          13 0 2 6 -1.</_>
        <_>
          13 3 2 3 2.</_></rects>
      <tilted>0</tilted></_>
    <_>
      <rects>
        <_>
          13 13 2 2 -1.</_>
        <_>
          13 14 2 1 2.</_></rects>
      <tilted>0</tilted></_>
    <_>
      <rects>
        <_>
          14 6 4 12 -1.</_>
        <_>
          14 6 2 6 2.</_>
        <_>
          16 12 2 6 2.</_></rects>
      <tilted>0</tilted></_>
    <_>
      <rects>
        <_>
          14 10 8 3 -1.</_>
        <_>
          14 11 8 1 3.</_></rects>
      <tilted>0</tilted></_>
    <_>
      <rects>
        <_>
          15 9 9 5 -1.</_>
        <_>
          18 9 3 5 3.</_></rects>
      <tilted>0</tilted></_>
    <_>
      <rects>
        <_>
          15 9 5 3 -1.</_>
        <_>
          15 10 5 1 3.</_></rects>
      <tilted>0</tilted></_>
    <_>
      <rects>
        <_>
          15 10 2 1 -1.</_>
        <_>
          16 10 1 1 2.</_></rects>
      <tilted>0</tilted></_>
    <_>
      <rects>
        <_>
          15 12 2 3 -1.</_>
        <_>
          15 13 2 1 3.</_></rects>
      <tilted>0</tilted></_>
    <_>
      <rects>
        <_>
          15 15 4 2 -1.</_>
        <_>
          15 16 4 1 2.</_></rects>
      <tilted>0</tilted></_>
    <_>
      <rects>
        <_>
          16 16 6 3 -1.</_>
        <_>
          18 16 2 3 3.</_></rects>
      <tilted>0</tilted></_>
    <_>
      <rects>
        <_>
          16 18 7 6 -1.</_>
        <_>
          16 21 7 3 2.</_></rects>
      <tilted>0</tilted></_>
    <_>
      <rects>
        <_>
          17 0 3 9 -1.</_>
        <_>
          17 3 3 3 3.</_></rects>
      <tilted>0</tilted></_>
    <_>
      <rects>
        <_>
          17 15 2 2 -1.</_>
        <_>
          17 16 2 1 2.</_></rects>
      <tilted>0</tilted></_>
    <_>
      <rects>
        <_>
          17 18 2 2 -1.</_>
        <_>
          17 19 2 1 2.</_></rects>
      <tilted>0</tilted></_>
    <_>
      <rects>
        <_>
          17 21 4 3 -1.</_>
        <_>
          17 22 4 1 3.</_></rects>
      <tilted>0</tilted></_>
    <_>
      <rects>
        <_>
          18 16 4 2 -1.</_>
        <_>
          20 16 2 2 2.</_></rects>
      <tilted>0</tilted></_>
    <_>
      <rects>
        <_>
          18 17 6 1 -1.</_>
        <_>
          21 17 3 1 2.</_></rects>
      <tilted>0</tilted></_>
    <_>
      <rects>
        <_>
          19 0 3 8 -1.</_>
        <_>
          20 0 1 8 3.</_></rects>
      <tilted>0</tilted></_>
    <_>
      <rects>
        <_>
          19 0 3 14 -1.</_>
        <_>
          20 0 1 14 3.</_></rects>
      <tilted>0</tilted></_>
    <_>
      <rects>
        <_>
          19 6 3 3 -1.</_>
        <_>
          20 6 1 3 3.</_></rects>
      <tilted>0</tilted></_>
    <_>
      <rects>
        <_>
          19 6 4 7 -1.</_>
        <_>
          21 6 2 7 2.</_></rects>
      <tilted>0</tilted></_>
    <_>
      <rects>
        <_>
          19 13 3 3 -1.</_>
        <_>
          19 14 3 1 3.</_></rects>
      <tilted>0</tilted></_>
    <_>
      <rects>
        <_>
          19 15 3 8 -1.</_>
        <_>
          20 15 1 8 3.</_></rects>
      <tilted>0</tilted></_>
    <_>
      <rects>
        <_>
          19 15 3 3 -1.</_>
        <_>
          19 16 3 1 3.</_></rects>
      <tilted>0</tilted></_>
    <_>
      <rects>
        <_>
          19 16 3 3 -1.</_>
        <_>
          19 17 3 1 3.</_></rects>
      <tilted>0</tilted></_>
    <_>
      <rects>
        <_>
          19 19 3 2 -1.</_>
        <_>
          20 19 1 2 3.</_></rects>
      <tilted>0</tilted></_>
    <_>
      <rects>
        <_>
          20 0 3 9 -1.</_>
        <_>
          21 0 1 9 3.</_></rects>
      <tilted>0</tilted></_>
    <_>
      <rects>
        <_>
          20 1 3 13 -1.</_>
        <_>
          21 1 1 13 3.</_></rects>
      <tilted>0</tilted></_>
    <_>
      <rects>
        <_>
          20 6 3 15 -1.</_>
        <_>
          21 6 1 15 3.</_></rects>
      <tilted>0</tilted></_>
    <_>
      <rects>
        <_>
          20 11 2 13 -1.</_>
        <_>
          21 11 1 13 2.</_></rects>
      <tilted>0</tilted></_>
    <_>
      <rects>
        <_>
          20 17 2 2 -1.</_>
        <_>
          20 17 1 1 2.</_>
        <_>
          21 18 1 1 2.</_></rects>
      <tilted>0</tilted></_>
    <_>
      <rects>
        <_>
          21 0 3 11 -1.</_>
        <_>
          22 0 1 11 3.</_></rects>
      <tilted>0</tilted></_>
    <_>
      <rects>
        <_>
          21 0 2 24 -1.</_>
        <_>
          21 12 2 12 2.</_></rects>
      <tilted>0</tilted></_>
    <_>
      <rects>
        <_>
          21 1 3 21 -1.</_>
        <_>
          22 1 1 21 3.</_></rects>
      <tilted>0</tilted></_>
    <_>
      <rects>
        <_>
          21 2 3 22 -1.</_>
        <_>
          22 2 1 22 3.</_></rects>
      <tilted>0</tilted></_>
    <_>
      <rects>
        <_>
          21 6 2 2 -1.</_>
        <_>
          21 6 1 1 2.</_>
        <_>
          22 7 1 1 2.</_></rects>
      <tilted>0</tilted></_>
    <_>
      <rects>
        <_>
          21 6 3 2 -1.</_>
        <_>
          21 7 3 1 2.</_></rects>
      <tilted>0</tilted></_>
    <_>
      <rects>
        <_>
          21 10 3 9 -1.</_>
        <_>
          22 10 1 9 3.</_></rects>
      <tilted>0</tilted></_>
    <_>
      <rects>
        <_>
          21 12 3 12 -1.</_>
        <_>
          21 16 3 4 3.</_></rects>
      <tilted>0</tilted></_>
    <_>
      <rects>
        <_>
          21 17 3 4 -1.</_>
        <_>
          22 17 1 4 3.</_></rects>
      <tilted>0</tilted></_>
    <_>
      <rects>
        <_>
          21 19 3 3 -1.</_>
        <_>
          22 19 1 3 3.</_></rects>
      <tilted>0</tilted></_>
    <_>
      <rects>
        <_>
          21 20 3 4 -1.</_>
        <_>
          22 20 1 4 3.</_></rects>
      <tilted>0</tilted></_></features></cascade>
</opencv_storage>
