<?xml version="1.0"?>
<opencv_storage>
<cascade>
  <stageType>BOOST</stageType>
  <featureType>HAAR</featureType>
  <height>24</height>
  <width>24</width>
  <stageParams>
    <boostType>GAB</boostType>
    <minHitRate>9.9500000476837158e-01</minHitRate>
    <maxFalseAlarm>5.0000000000000000e-01</maxFalseAlarm>
    <weightTrimRate>9.4999999999999996e-01</weightTrimRate>
    <maxDepth>1</maxDepth>
    <maxWeakCount>100</maxWeakCount></stageParams>
  <featureParams>
    <maxCatCount>0</maxCatCount>
    <featSize>1</featSize>
    <mode>BASIC</mode></featureParams>
  <stageNum>20</stageNum>
  <stages>
    <!-- stage 0 -->
    <_>
      <maxWeakCount>6</maxWeakCount>
      <stageThreshold>-7.7661043405532837e-01</stageThreshold>
      <weakClassifiers>
        <_>
          <internalNodes>
            0 -1 38 3.1429555267095566e-02</internalNodes>
          <leafValues>
            -6.6117644309997559e-01 4.6285715699195862e-01</leafValues></_>
        <_>
          <internalNodes>
            0 -1 9 2.3441744269803166e-04</internalNodes>
          <leafValues>
            -4.7058507800102234e-01 3.5562133789062500e-01</leafValues></_>
        <_>
          <internalNodes>
            0 -1 127 -4.6209350228309631e-02</internalNodes>
          <leafValues>
            8.1663972139358521e-01 -2.3386277258396149e-01</leafValues></_>
        <_>
          <internalNodes>
            0 -1 63 -3.4591951407492161e-03</internalNodes>
          <leafValues>
            -7.1465629339218140e-01 2.5660654902458191e-01</leafValues></_>
        <_>
          <internalNodes>
            0 -1 153 2.7969593647867441e-03</internalNodes>
          <leafValues>
            2.7994903922080994e-01 -6.4196497201919556e-01</leafValues></_>
        <_>
          <internalNodes>
            0 -1 75 -1.9806171767413616e-03</internalNodes>
          <leafValues>
            -6.2534552812576294e-01 1.9751471281051636e-01</leafValues></_></weakClassifiers></_>
    <!-- stage 1 -->
    <_>
      <maxWeakCount>8</maxWeakCount>
      <stageThreshold>-1.0150829553604126e+00</stageThreshold>
      <weakClassifiers>
        <_>
          <internalNodes>
            0 -1 59 1.5803229063749313e-02</internalNodes>
          <leafValues>
            -6.1990952491760254e-01 4.6835443377494812e-01</leafValues></_>
        <_>
          <internalNodes>
            0 -1 208 8.9633977040648460e-03</internalNodes>
          <leafValues>
            -3.1571090221405029e-01 7.1295732259750366e-01</leafValues></_>
        <_>
          <internalNodes>
            0 -1 14 8.9220665395259857e-03</internalNodes>
          <leafValues>
            -3.7255540490150452e-01 5.7538944482803345e-01</leafValues></_>
        <_>
          <internalNodes>
            0 -1 201 -1.1247171642025933e-04</internalNodes>
          <leafValues>
            4.7796681523323059e-01 -3.8556480407714844e-01</leafValues></_>
        <_>
          <internalNodes>
            0 -1 199 7.0643849903717637e-04</internalNodes>
          <leafValues>
            -2.2812795639038086e-01 6.2109208106994629e-01</leafValues></_>
        <_>
          <internalNodes>
            0 -1 142 -4.1162453591823578e-02</internalNodes>
          <leafValues>
            9.4616812467575073e-01 -1.4849637448787689e-01</leafValues></_>
        <_>
          <internalNodes>
            0 -1 192 -2.6906921993941069e-04</internalNodes>
          <leafValues>
            5.5837601423263550e-01 -2.7740922570228577e-01</leafValues></_>
        <_>
          <internalNodes>
            0 -1 31 3.2785470830276608e-04</internalNodes>
          <leafValues>
            -2.9430988430976868e-01 4.8347109556198120e-01</leafValues></_></weakClassifiers></_>
    <!-- stage 2 -->
    <_>
      <maxWeakCount>10</maxWeakCount>
      <stageThreshold>-1.1554609537124634e+00</stageThreshold>
      <weakClassifiers>
        <_>
          <internalNodes>
            0 -1 193 -1.5697397291660309e-02</internalNodes>
          <leafValues>
            4.1747573018074036e-01 -4.8893359303474426e-01</leafValues></_>
        <_>
          <internalNodes>
            0 -1 120 2.3475252091884613e-02</internalNodes>
          <leafValues>
            -2.2036121785640717e-01 5.8603340387344360e-01</leafValues></_>
        <_>
          <internalNodes>
            0 -1 145 4.1006933897733688e-03</internalNodes>
          <leafValues>
            1.3528242707252502e-01 -9.1771894693374634e-01</leafValues></_>
        <_>
          <internalNodes>
            0 -1 57 -2.1062433719635010e-02</internalNodes>
          <leafValues>
            7.0739763975143433e-01 -2.0032761991024017e-01</leafValues></_>
        <_>
          <internalNodes>
            0 -1 30 4.4834385626018047e-03</internalNodes>
          <leafValues>
            -2.0465700328350067e-01 5.7610213756561279e-01</leafValues></_>
        <_>
          <internalNodes>
            0 -1 131 1.5964586287736893e-02</internalNodes>
          <leafValues>
            -2.4353204667568207e-01 5.0200086832046509e-01</leafValues></_>
        <_>
          <internalNodes>
            0 -1 71 3.7657897919416428e-02</internalNodes>
          <leafValues>
            -2.2885926067829132e-01 6.2294369935989380e-01</leafValues></_>
        <_>
          <internalNodes>
            0 -1 49 3.9290138520300388e-03</internalNodes>
          <leafValues>
            2.4839109182357788e-01 -6.0992312431335449e-01</leafValues></_>
        <_>
          <internalNodes>
            0 -1 126 -9.8146293312311172e-03</internalNodes>
          <leafValues>
            5.8623707294464111e-01 -2.1599601209163666e-01</leafValues></_>
        <_>
          <internalNodes>
            0 -1 107 5.4823816753923893e-05</internalNodes>
          <leafValues>
            -3.3839210867881775e-01 3.7631356716156006e-01</leafValues></_></weakClassifiers></_>
    <!-- stage 3 -->
    <_>
      <maxWeakCount>6</maxWeakCount>
      <stageThreshold>-1.1491072177886963e+00</stageThreshold>
      <weakClassifiers>
        <_>
          <internalNodes>
            0 -1 51 -4.8277755267918110e-03</internalNodes>
          <leafValues>
            -9.0643274784088135e-01 -1.0489510744810104e-01</leafValues></_>
        <_>
          <internalNodes>
            0 -1 152 -3.1803436577320099e-03</internalNodes>
          <leafValues>
            -8.8107734918594360e-01 1.3125622272491455e-01</leafValues></_>
        <_>
          <internalNodes>
            0 -1 25 -5.7458933442831039e-03</internalNodes>
          <leafValues>
            -7.7518534660339355e-01 1.9469474256038666e-01</leafValues></_>
        <_>
          <internalNodes>
            0 -1 114 -3.7035648711025715e-03</internalNodes>
          <leafValues>
            -7.1124106645584106e-01 2.0549906790256500e-01</leafValues></_>
        <_>
          <internalNodes>
            0 -1 48 3.6441090051084757e-03</internalNodes>
          <leafValues>
            1.6220694780349731e-01 -8.2185769081115723e-01</leafValues></_>
        <_>
          <internalNodes>
            0 -1 19 5.6820213794708252e-03</internalNodes>
          <leafValues>
            1.4875119924545288e-01 -8.8737761974334717e-01</leafValues></_></weakClassifiers></_>
    <!-- stage 4 -->
    <_>
      <maxWeakCount>9</maxWeakCount>
      <stageThreshold>-1.4147142171859741e+00</stageThreshold>
      <weakClassifiers>
        <_>
          <internalNodes>
            0 -1 138 -1.9274221267551184e-03</internalNodes>
          <leafValues>
            -9.4736844301223755e-01 -1.2500000000000000e-01</leafValues></_>
        <_>
          <internalNodes>
            0 -1 118 4.6622408553957939e-03</internalNodes>
          <leafValues>
            1.3725629448890686e-01 -7.5847136974334717e-01</leafValues></_>
        <_>
          <internalNodes>
            0 -1 157 -2.2919382899999619e-03</internalNodes>
          <leafValues>
            -8.8925039768218994e-01 1.6007871925830841e-01</leafValues></_>
        <_>
          <internalNodes>
            0 -1 27 -5.6862290948629379e-03</internalNodes>
          <leafValues>
            -6.5679979324340820e-01 1.6939373314380646e-01</leafValues></_>
        <_>
          <internalNodes>
            0 -1 51 -5.2397204563021660e-03</internalNodes>
          <leafValues>
            -7.1737617254257202e-01 1.8482072651386261e-01</leafValues></_>
        <_>
          <internalNodes>
            0 -1 170 -2.6045227423310280e-03</internalNodes>
          <leafValues>
            -7.7436608076095581e-01 1.4990586042404175e-01</leafValues></_>
        <_>
          <internalNodes>
            0 -1 211 2.0017869246657938e-05</internalNodes>
          <leafValues>
            -4.1627606749534607e-01 3.4938466548919678e-01</leafValues></_>
        <_>
          <internalNodes>
            0 -1 220 -1.6590121667832136e-03</internalNodes>
          <leafValues>
            -7.8304719924926758e-01 1.6867946088314056e-01</leafValues></_>
        <_>
          <internalNodes>
            0 -1 133 -5.6568188592791557e-03</internalNodes>
          <leafValues>
            -7.6894515752792358e-01 1.6466067731380463e-01</leafValues></_></weakClassifiers></_>
    <!-- stage 5 -->
    <_>
      <maxWeakCount>7</maxWeakCount>
      <stageThreshold>-9.1880702972412109e-01</stageThreshold>
      <weakClassifiers>
        <_>
          <internalNodes>
            0 -1 15 2.2678140550851822e-02</internalNodes>
          <leafValues>
            -4.6067416667938232e-01 6.9696968793869019e-01</leafValues></_>
        <_>
          <internalNodes>
            0 -1 176 -1.7242708054254763e-05</internalNodes>
          <leafValues>
            2.5710394978523254e-01 -4.7525006532669067e-01</leafValues></_>
        <_>
          <internalNodes>
            0 -1 163 -2.2362191230058670e-03</internalNodes>
          <leafValues>
            -7.2091817855834961e-01 1.3936649262905121e-01</leafValues></_>
        <_>
          <internalNodes>
            0 -1 216 1.1785551905632019e-03</internalNodes>
          <leafValues>
            -3.1011617183685303e-01 4.1836187243461609e-01</leafValues></_>
        <_>
          <internalNodes>
            0 -1 136 -1.4129371847957373e-03</internalNodes>
          <leafValues>
            -7.2670048475265503e-01 2.0547245442867279e-01</leafValues></_>
        <_>
          <internalNodes>
            0 -1 22 -4.8021323978900909e-02</internalNodes>
          <leafValues>
            -5.8674210309982300e-01 2.0375792682170868e-01</leafValues></_>
        <_>
          <internalNodes>
            0 -1 98 2.3657049983739853e-02</internalNodes>
          <leafValues>
            2.1213468909263611e-01 -5.8850735425949097e-01</leafValues></_></weakClassifiers></_>
    <!-- stage 6 -->
    <_>
      <maxWeakCount>9</maxWeakCount>
      <stageThreshold>-1.1649379730224609e+00</stageThreshold>
      <weakClassifiers>
        <_>
          <internalNodes>
            0 -1 28 -1.2836337089538574e-01</internalNodes>
          <leafValues>
            6.5517240762710571e-01 -4.3911439180374146e-01</leafValues></_>
        <_>
          <internalNodes>
            0 -1 15 1.4095101505517960e-02</internalNodes>
          <leafValues>
            -2.7767834067344666e-01 5.7428669929504395e-01</leafValues></_>
        <_>
          <internalNodes>
            0 -1 191 -9.1684225481003523e-04</internalNodes>
          <leafValues>
            -6.3879418373107910e-01 2.5280341506004333e-01</leafValues></_>
        <_>
          <internalNodes>
            0 -1 85 -9.7631309181451797e-03</internalNodes>
          <leafValues>
            -7.1134072542190552e-01 1.8049001693725586e-01</leafValues></_>
        <_>
          <internalNodes>
            0 -1 113 -2.7700648643076420e-03</internalNodes>
          <leafValues>
            -6.0569715499877930e-01 2.0373696088790894e-01</leafValues></_>
        <_>
          <internalNodes>
            0 -1 101 -4.5939544215798378e-03</internalNodes>
          <leafValues>
            -7.9959553480148315e-01 1.9001327455043793e-01</leafValues></_>
        <_>
          <internalNodes>
            0 -1 67 -1.9205780699849129e-02</internalNodes>
          <leafValues>
            -7.8771549463272095e-01 1.5278396010398865e-01</leafValues></_>
        <_>
          <internalNodes>
            0 -1 143 4.7915424220263958e-03</internalNodes>
          <leafValues>
            1.9528876245021820e-01 -5.6861501932144165e-01</leafValues></_>
        <_>
          <internalNodes>
            0 -1 110 -2.5150994770228863e-03</internalNodes>
          <leafValues>
            -7.9191756248474121e-01 1.3025090098381042e-01</leafValues></_></weakClassifiers></_>
    <!-- stage 7 -->
    <_>
      <maxWeakCount>12</maxWeakCount>
      <stageThreshold>-1.1859958171844482e+00</stageThreshold>
      <weakClassifiers>
        <_>
          <internalNodes>
            0 -1 1 1.0455768555402756e-02</internalNodes>
          <leafValues>
            -5.2263373136520386e-01 4.7368422150611877e-01</leafValues></_>
        <_>
          <internalNodes>
            0 -1 23 -1.6356300562620163e-02</internalNodes>
          <leafValues>
            9.1653907299041748e-01 -1.9068130850791931e-01</leafValues></_>
        <_>
          <internalNodes>
            0 -1 88 -2.4862315505743027e-02</internalNodes>
          <leafValues>
            -4.4677340984344482e-01 2.9987302422523499e-01</leafValues></_>
        <_>
          <internalNodes>
            0 -1 81 4.2563397437334061e-03</internalNodes>
          <leafValues>
            1.5218801796436310e-01 -7.7202582359313965e-01</leafValues></_>
        <_>
          <internalNodes>
            0 -1 183 5.6097381748259068e-03</internalNodes>
          <leafValues>
            -2.5073227286338806e-01 5.0088316202163696e-01</leafValues></_>
        <_>
          <internalNodes>
            0 -1 87 -5.5233813822269440e-02</internalNodes>
          <leafValues>
            -6.1536270380020142e-01 2.4455371499061584e-01</leafValues></_>
        <_>
          <internalNodes>
            0 -1 82 -2.7447450160980225e-01</internalNodes>
          <leafValues>
            8.8819378614425659e-01 -1.6728352010250092e-01</leafValues></_>
        <_>
          <internalNodes>
            0 -1 53 1.9328355556353927e-03</internalNodes>
          <leafValues>
            -3.1880214810371399e-01 3.8508334755897522e-01</leafValues></_>
        <_>
          <internalNodes>
            0 -1 116 -6.1607100069522858e-03</internalNodes>
          <leafValues>
            -5.8204841613769531e-01 2.0558431744575500e-01</leafValues></_>
        <_>
          <internalNodes>
            0 -1 210 3.3336672931909561e-03</internalNodes>
          <leafValues>
            -2.2518205642700195e-01 5.9487712383270264e-01</leafValues></_>
        <_>
          <internalNodes>
            0 -1 93 5.8105468750000000e-02</internalNodes>
          <leafValues>
            2.1130518615245819e-01 -5.7415235042572021e-01</leafValues></_>
        <_>
          <internalNodes>
            0 -1 90 -3.4821026027202606e-02</internalNodes>
          <leafValues>
            -6.8360179662704468e-01 2.3076240718364716e-01</leafValues></_></weakClassifiers></_>
    <!-- stage 8 -->
    <_>
      <maxWeakCount>12</maxWeakCount>
      <stageThreshold>-1.1339851617813110e+00</stageThreshold>
      <weakClassifiers>
        <_>
          <internalNodes>
            0 -1 198 -1.5951680019497871e-02</internalNodes>
          <leafValues>
            6.1797749996185303e-01 -4.9902153015136719e-01</leafValues></_>
        <_>
          <internalNodes>
            0 -1 179 3.8254559040069580e-02</internalNodes>
          <leafValues>
            -1.9894361495971680e-01 6.3210391998291016e-01</leafValues></_>
        <_>
          <internalNodes>
            0 -1 147 -5.2321935072541237e-03</internalNodes>
          <leafValues>
            9.2208534479141235e-01 -1.2196302413940430e-01</leafValues></_>
        <_>
          <internalNodes>
            0 -1 56 -3.2309805974364281e-03</internalNodes>
          <leafValues>
            7.2923308610916138e-01 -1.2987448275089264e-01</leafValues></_>
        <_>
          <internalNodes>
            0 -1 30 4.8354668542742729e-03</internalNodes>
          <leafValues>
            -1.9328352808952332e-01 5.4595220088958740e-01</leafValues></_>
        <_>
          <internalNodes>
            0 -1 39 -1.0460617020726204e-02</internalNodes>
          <leafValues>
            -5.2049803733825684e-01 2.2793118655681610e-01</leafValues></_>
        <_>
          <internalNodes>
            0 -1 172 1.5665264800190926e-02</internalNodes>
          <leafValues>
            -1.7830155789852142e-01 7.1649193763732910e-01</leafValues></_>
        <_>
          <internalNodes>
            0 -1 167 -9.4816479831933975e-03</internalNodes>
          <leafValues>
            -5.7601583003997803e-01 2.4908362329006195e-01</leafValues></_>
        <_>
          <internalNodes>
            0 -1 4 -2.3688964545726776e-02</internalNodes>
          <leafValues>
            8.5905349254608154e-01 -1.6358332335948944e-01</leafValues></_>
        <_>
          <internalNodes>
            0 -1 2 8.0723483115434647e-03</internalNodes>
          <leafValues>
            -2.0887944102287292e-01 5.4590547084808350e-01</leafValues></_>
        <_>
          <internalNodes>
            0 -1 92 6.2254708260297775e-02</internalNodes>
          <leafValues>
            2.3747602105140686e-01 -5.7641428709030151e-01</leafValues></_>
        <_>
          <internalNodes>
            0 -1 105 -9.3303844332695007e-03</internalNodes>
          <leafValues>
            9.0748590230941772e-01 -1.5462554991245270e-01</leafValues></_></weakClassifiers></_>
    <!-- stage 9 -->
    <_>
      <maxWeakCount>12</maxWeakCount>
      <stageThreshold>-1.0115532875061035e+00</stageThreshold>
      <weakClassifiers>
        <_>
          <internalNodes>
            0 -1 106 -1.4947297051548958e-02</internalNodes>
          <leafValues>
            6.9565218687057495e-01 -4.1877254843711853e-01</leafValues></_>
        <_>
          <internalNodes>
            0 -1 124 -3.2556639052927494e-03</internalNodes>
          <leafValues>
            -6.9841706752777100e-01 1.2206630408763885e-01</leafValues></_>
        <_>
          <internalNodes>
            0 -1 68 -6.8828113377094269e-02</internalNodes>
          <leafValues>
            -6.7281538248062134e-01 1.9181521236896515e-01</leafValues></_>
        <_>
          <internalNodes>
            0 -1 32 2.8552208095788956e-03</internalNodes>
          <leafValues>
            -2.6605322957038879e-01 4.6846663951873779e-01</leafValues></_>
        <_>
          <internalNodes>
            0 -1 190 5.6516111362725496e-04</internalNodes>
          <leafValues>
            1.9615887105464935e-01 -6.9208997488021851e-01</leafValues></_>
        <_>
          <internalNodes>
            0 -1 3 -2.3700306192040443e-02</internalNodes>
          <leafValues>
            8.4225368499755859e-01 -1.2608817219734192e-01</leafValues></_>
        <_>
          <internalNodes>
            0 -1 135 2.1502417512238026e-03</internalNodes>
          <leafValues>
            1.6909722983837128e-01 -7.0266228914260864e-01</leafValues></_>
        <_>
          <internalNodes>
            0 -1 154 1.2355403974652290e-02</internalNodes>
          <leafValues>
            2.0161259174346924e-01 -5.7828986644744873e-01</leafValues></_>
        <_>
          <internalNodes>
            0 -1 6 -1.2553946580737829e-03</internalNodes>
          <leafValues>
            -5.3414440155029297e-01 1.7677159607410431e-01</leafValues></_>
        <_>
          <internalNodes>
            0 -1 104 -1.6385149210691452e-02</internalNodes>
          <leafValues>
            -6.5283119678497314e-01 1.5403486788272858e-01</leafValues></_>
        <_>
          <internalNodes>
            0 -1 212 4.1260654106736183e-03</internalNodes>
          <leafValues>
            -2.2987507283687592e-01 5.1190865039825439e-01</leafValues></_>
        <_>
          <internalNodes>
            0 -1 208 -1.6082003712654114e-02</internalNodes>
          <leafValues>
            8.1126332283020020e-01 -1.5683248639106750e-01</leafValues></_></weakClassifiers></_>
    <!-- stage 10 -->
    <_>
      <maxWeakCount>12</maxWeakCount>
      <stageThreshold>-9.7339177131652832e-01</stageThreshold>
      <weakClassifiers>
        <_>
          <internalNodes>
            0 -1 186 5.1512243226170540e-04</internalNodes>
          <leafValues>
            -5.9627330303192139e-01 -2.8776979073882103e-02</leafValues></_>
        <_>
          <internalNodes>
            0 -1 121 -3.4597985446453094e-02</internalNodes>
          <leafValues>
            6.4070236682891846e-01 -1.7725437879562378e-01</leafValues></_>
        <_>
          <internalNodes>
            0 -1 42 2.3930438328534365e-03</internalNodes>
          <leafValues>
            -1.5299777686595917e-01 5.8892768621444702e-01</leafValues></_>
        <_>
          <internalNodes>
            0 -1 219 1.6060064081102610e-03</internalNodes>
          <leafValues>
            -2.7069535851478577e-01 3.6220422387123108e-01</leafValues></_>
        <_>
          <internalNodes>
            0 -1 74 1.0019996261689812e-04</internalNodes>
          <leafValues>
            -3.5895115137100220e-01 2.5787672400474548e-01</leafValues></_>
        <_>
          <internalNodes>
            0 -1 62 1.6796515556052327e-03</internalNodes>
          <leafValues>
            1.8191467225551605e-01 -5.6940162181854248e-01</leafValues></_>
        <_>
          <internalNodes>
            0 -1 171 7.7589356806129217e-05</internalNodes>
          <leafValues>
            -3.7920638918876648e-01 2.3995497822761536e-01</leafValues></_>
        <_>
          <internalNodes>
            0 -1 66 2.8095696121454239e-02</internalNodes>
          <leafValues>
            -1.0587245225906372e-01 8.8917094469070435e-01</leafValues></_>
        <_>
          <internalNodes>
            0 -1 7 -1.7142940312623978e-02</internalNodes>
          <leafValues>
            8.8157993555068970e-01 -8.2345813512802124e-02</leafValues></_>
        <_>
          <internalNodes>
            0 -1 11 6.2306318432092667e-03</internalNodes>
          <leafValues>
            -2.4979144334793091e-01 4.4140043854713440e-01</leafValues></_>
        <_>
          <internalNodes>
            0 -1 146 1.0807099752128124e-03</internalNodes>
          <leafValues>
            -2.6072955131530762e-01 3.6365920305252075e-01</leafValues></_>
        <_>
          <internalNodes>
            0 -1 125 -7.0953713729977608e-03</internalNodes>
          <leafValues>
            5.1669359207153320e-01 -2.1381856501102448e-01</leafValues></_></weakClassifiers></_>
    <!-- stage 11 -->
    <_>
      <maxWeakCount>9</maxWeakCount>
      <stageThreshold>-9.2948555946350098e-01</stageThreshold>
      <weakClassifiers>
        <_>
          <internalNodes>
            0 -1 122 -1.0589642450213432e-02</internalNodes>
          <leafValues>
            7.3684209585189819e-01 -4.0569394826889038e-01</leafValues></_>
        <_>
          <internalNodes>
            0 -1 65 1.0944840498268604e-02</internalNodes>
          <leafValues>
            9.9011287093162537e-02 -7.5972783565521240e-01</leafValues></_>
        <_>
          <internalNodes>
            0 -1 137 -4.9094436690211296e-04</internalNodes>
          <leafValues>
            -6.5924197435379028e-01 1.4239510893821716e-01</leafValues></_>
        <_>
          <internalNodes>
            0 -1 111 1.4613470062613487e-02</internalNodes>
          <leafValues>
            1.2894988059997559e-01 -6.7482811212539673e-01</leafValues></_>
        <_>
          <internalNodes>
            0 -1 108 -2.6266708970069885e-02</internalNodes>
          <leafValues>
            -7.1768128871917725e-01 1.3963446021080017e-01</leafValues></_>
        <_>
          <internalNodes>
            0 -1 215 5.9492625296115875e-03</internalNodes>
          <leafValues>
            -2.1312257647514343e-01 4.7446087002754211e-01</leafValues></_>
        <_>
          <internalNodes>
            0 -1 35 4.5156450942158699e-03</internalNodes>
          <leafValues>
            -2.5253534317016602e-01 3.7519899010658264e-01</leafValues></_>
        <_>
          <internalNodes>
            0 -1 149 -1.4603059738874435e-02</internalNodes>
          <leafValues>
            -7.1033149957656860e-01 1.3535393774509430e-01</leafValues></_>
        <_>
          <internalNodes>
            0 -1 158 -1.0668693576008081e-03</internalNodes>
          <leafValues>
            -5.8113056421279907e-01 1.5383735299110413e-01</leafValues></_></weakClassifiers></_>
    <!-- stage 12 -->
    <_>
      <maxWeakCount>11</maxWeakCount>
      <stageThreshold>-1.0985791683197021e+00</stageThreshold>
      <weakClassifiers>
        <_>
          <internalNodes>
            0 -1 94 -5.5691171437501907e-03</internalNodes>
          <leafValues>
            7.6470589637756348e-01 -3.9929327368736267e-01</leafValues></_>
        <_>
          <internalNodes>
            0 -1 155 6.0094967484474182e-02</internalNodes>
          <leafValues>
            9.2781431972980499e-02 -6.7277288436889648e-01</leafValues></_>
        <_>
          <internalNodes>
            0 -1 83 -6.0225012712180614e-03</internalNodes>
          <leafValues>
            -6.0123562812805176e-01 1.2960508465766907e-01</leafValues></_>
        <_>
          <internalNodes>
            0 -1 5 1.4904370531439781e-02</internalNodes>
          <leafValues>
            -1.7057164013385773e-01 5.7623773813247681e-01</leafValues></_>
        <_>
          <internalNodes>
            0 -1 223 -5.2599916234612465e-03</internalNodes>
          <leafValues>
            -6.6881406307220459e-01 1.3694697618484497e-01</leafValues></_>
        <_>
          <internalNodes>
            0 -1 141 1.2604629155248404e-03</internalNodes>
          <leafValues>
            -2.8372940421104431e-01 2.8914248943328857e-01</leafValues></_>
        <_>
          <internalNodes>
            0 -1 69 6.6318752942606807e-05</internalNodes>
          <leafValues>
            -2.5490611791610718e-01 2.9979351162910461e-01</leafValues></_>
        <_>
          <internalNodes>
            0 -1 52 -3.2468852587044239e-03</internalNodes>
          <leafValues>
            -5.8174800872802734e-01 1.4010904729366302e-01</leafValues></_>
        <_>
          <internalNodes>
            0 -1 148 -6.1828494071960449e-03</internalNodes>
          <leafValues>
            -6.4045971632003784e-01 1.1230350285768509e-01</leafValues></_>
        <_>
          <internalNodes>
            0 -1 207 3.0843159183859825e-03</internalNodes>
          <leafValues>
            -2.1548405289649963e-01 4.6644368767738342e-01</leafValues></_>
        <_>
          <internalNodes>
            0 -1 0 -3.1322395079769194e-04</internalNodes>
          <leafValues>
            3.8366883993148804e-01 -2.3735560476779938e-01</leafValues></_></weakClassifiers></_>
    <!-- stage 13 -->
    <_>
      <maxWeakCount>15</maxWeakCount>
      <stageThreshold>-1.2041862010955811e+00</stageThreshold>
      <weakClassifiers>
        <_>
          <internalNodes>
            0 -1 194 -2.4538166821002960e-02</internalNodes>
          <leafValues>
            4.0000000596046448e-01 -4.4615384936332703e-01</leafValues></_>
        <_>
          <internalNodes>
            0 -1 54 -3.8018181920051575e-02</internalNodes>
          <leafValues>
            -6.3315445184707642e-01 9.9861808121204376e-02</leafValues></_>
        <_>
          <internalNodes>
            0 -1 134 2.5522462092339993e-03</internalNodes>
          <leafValues>
            1.5559047460556030e-01 -4.7034651041030884e-01</leafValues></_>
        <_>
          <internalNodes>
            0 -1 195 1.1153237894177437e-02</internalNodes>
          <leafValues>
            -1.3785223662853241e-01 5.9453403949737549e-01</leafValues></_>
        <_>
          <internalNodes>
            0 -1 182 9.0987039729952812e-03</internalNodes>
          <leafValues>
            1.0651250183582306e-01 -8.4201931953430176e-01</leafValues></_>
        <_>
          <internalNodes>
            0 -1 70 -3.7725234869867563e-03</internalNodes>
          <leafValues>
            -6.5421557426452637e-01 1.1272730678319931e-01</leafValues></_>
        <_>
          <internalNodes>
            0 -1 17 -2.4569042026996613e-02</internalNodes>
          <leafValues>
            8.5710197687149048e-01 -9.5282830297946930e-02</leafValues></_>
        <_>
          <internalNodes>
            0 -1 64 4.7137020155787468e-03</internalNodes>
          <leafValues>
            -2.1366144716739655e-01 3.6613467335700989e-01</leafValues></_>
        <_>
          <internalNodes>
            0 -1 97 -3.6174360662698746e-02</internalNodes>
          <leafValues>
            7.4930667877197266e-01 -1.0957220196723938e-01</leafValues></_>
        <_>
          <internalNodes>
            0 -1 58 3.0043860897421837e-03</internalNodes>
          <leafValues>
            -1.2354376167058945e-01 6.5239405632019043e-01</leafValues></_>
        <_>
          <internalNodes>
            0 -1 202 -1.0126043343916535e-03</internalNodes>
          <leafValues>
            -6.1741340160369873e-01 1.3762906193733215e-01</leafValues></_>
        <_>
          <internalNodes>
            0 -1 99 -2.9087122529745102e-03</internalNodes>
          <leafValues>
            5.4316180944442749e-01 -1.7597323656082153e-01</leafValues></_>
        <_>
          <internalNodes>
            0 -1 55 1.9555978477001190e-02</internalNodes>
          <leafValues>
            9.5930859446525574e-02 -9.6383988857269287e-01</leafValues></_>
        <_>
          <internalNodes>
            0 -1 222 1.8708194838836789e-03</internalNodes>
          <leafValues>
            -1.3104046881198883e-01 7.2974324226379395e-01</leafValues></_>
        <_>
          <internalNodes>
            0 -1 91 -4.1020248085260391e-02</internalNodes>
          <leafValues>
            -6.7152816057205200e-01 1.4657875895500183e-01</leafValues></_></weakClassifiers></_>
    <!-- stage 14 -->
    <_>
      <maxWeakCount>16</maxWeakCount>
      <stageThreshold>-9.6357029676437378e-01</stageThreshold>
      <weakClassifiers>
        <_>
          <internalNodes>
            0 -1 8 -5.8136127889156342e-02</internalNodes>
          <leafValues>
            3.6111110448837280e-01 -4.2803031206130981e-01</leafValues></_>
        <_>
          <internalNodes>
            0 -1 166 2.5830257800407708e-04</internalNodes>
          <leafValues>
            -3.0633503198623657e-01 2.1142347157001495e-01</leafValues></_>
        <_>
          <internalNodes>
            0 -1 164 6.3291416154243052e-05</internalNodes>
          <leafValues>
            -2.5084516406059265e-01 2.7757757902145386e-01</leafValues></_>
        <_>
          <internalNodes>
            0 -1 13 2.2807661443948746e-03</internalNodes>
          <leafValues>
            -1.7170418798923492e-01 3.7823998928070068e-01</leafValues></_>
        <_>
          <internalNodes>
            0 -1 128 -1.4429183211177588e-03</internalNodes>
          <leafValues>
            -5.4901701211929321e-01 1.2786237895488739e-01</leafValues></_>
        <_>
          <internalNodes>
            0 -1 84 9.9105322733521461e-03</internalNodes>
          <leafValues>
            1.1315466463565826e-01 -9.1148430109024048e-01</leafValues></_>
        <_>
          <internalNodes>
            0 -1 162 1.9871218682965264e-05</internalNodes>
          <leafValues>
            -3.0788427591323853e-01 2.4389463663101196e-01</leafValues></_>
        <_>
          <internalNodes>
            0 -1 44 -3.1684070825576782e-02</internalNodes>
          <leafValues>
            -5.2646625041961670e-01 1.3917833566665649e-01</leafValues></_>
        <_>
          <internalNodes>
            0 -1 45 4.0900772437453270e-03</internalNodes>
          <leafValues>
            -2.1620266139507294e-01 3.8910698890686035e-01</leafValues></_>
        <_>
          <internalNodes>
            0 -1 203 1.4369364362210035e-03</internalNodes>
          <leafValues>
            1.1250988394021988e-01 -7.4029874801635742e-01</leafValues></_>
        <_>
          <internalNodes>
            0 -1 29 1.1183553142473102e-03</internalNodes>
          <leafValues>
            -2.3124982416629791e-01 3.5812762379646301e-01</leafValues></_>
        <_>
          <internalNodes>
            0 -1 204 -1.6032336861826479e-04</internalNodes>
          <leafValues>
            -4.1487878561019897e-01 2.0023474097251892e-01</leafValues></_>
        <_>
          <internalNodes>
            0 -1 206 1.1751549027394503e-04</internalNodes>
          <leafValues>
            -2.9938024282455444e-01 3.0140095949172974e-01</leafValues></_>
        <_>
          <internalNodes>
            0 -1 205 -4.3771689524874091e-04</internalNodes>
          <leafValues>
            2.9542571306228638e-01 -3.0390661954879761e-01</leafValues></_>
        <_>
          <internalNodes>
            0 -1 80 -3.2772289123386145e-03</internalNodes>
          <leafValues>
            -7.9614365100860596e-01 1.0036401450634003e-01</leafValues></_>
        <_>
          <internalNodes>
            0 -1 173 2.4908114573918283e-04</internalNodes>
          <leafValues>
            -3.3546528220176697e-01 2.4457360804080963e-01</leafValues></_></weakClassifiers></_>
    <!-- stage 15 -->
    <_>
      <maxWeakCount>13</maxWeakCount>
      <stageThreshold>-8.2271993160247803e-01</stageThreshold>
      <weakClassifiers>
        <_>
          <internalNodes>
            0 -1 100 -7.1757463738322258e-03</internalNodes>
          <leafValues>
            1.9685038924217224e-01 -4.7568711638450623e-01</leafValues></_>
        <_>
          <internalNodes>
            0 -1 89 -6.1486740596592426e-03</internalNodes>
          <leafValues>
            4.7931051254272461e-01 -1.7519353330135345e-01</leafValues></_>
        <_>
          <internalNodes>
            0 -1 165 -2.6927404105663300e-03</internalNodes>
          <leafValues>
            5.8455020189285278e-01 -1.0873990505933762e-01</leafValues></_>
        <_>
          <internalNodes>
            0 -1 61 9.8458549473434687e-04</internalNodes>
          <leafValues>
            -1.6198107600212097e-01 3.7162768840789795e-01</leafValues></_>
        <_>
          <internalNodes>
            0 -1 40 3.6273688077926636e-02</internalNodes>
          <leafValues>
            1.1781332641839981e-01 -6.0616999864578247e-01</leafValues></_>
        <_>
          <internalNodes>
            0 -1 203 -7.2424940299242735e-04</internalNodes>
          <leafValues>
            -4.6381837129592896e-01 1.9526626169681549e-01</leafValues></_>
        <_>
          <internalNodes>
            0 -1 213 8.0153997987508774e-04</internalNodes>
          <leafValues>
            -2.6793214678764343e-01 2.8855103254318237e-01</leafValues></_>
        <_>
          <internalNodes>
            0 -1 202 6.6521938424557447e-04</internalNodes>
          <leafValues>
            1.4319387078285217e-01 -5.1840853691101074e-01</leafValues></_>
        <_>
          <internalNodes>
            0 -1 96 1.6975652426481247e-02</internalNodes>
          <leafValues>
            1.4712324738502502e-01 -4.4631078839302063e-01</leafValues></_>
        <_>
          <internalNodes>
            0 -1 139 1.5248635783791542e-02</internalNodes>
          <leafValues>
            -1.5233314037322998e-01 4.9320945143699646e-01</leafValues></_>
        <_>
          <internalNodes>
            0 -1 72 3.1977072358131409e-02</internalNodes>
          <leafValues>
            1.0763423889875412e-01 -7.0642197132110596e-01</leafValues></_>
        <_>
          <internalNodes>
            0 -1 76 2.3793615400791168e-02</internalNodes>
          <leafValues>
            -1.1949153244495392e-01 7.0080846548080444e-01</leafValues></_>
        <_>
          <internalNodes>
            0 -1 160 4.3790362775325775e-02</internalNodes>
          <leafValues>
            9.5107726752758026e-02 -7.9511606693267822e-01</leafValues></_></weakClassifiers></_>
    <!-- stage 16 -->
    <_>
      <maxWeakCount>15</maxWeakCount>
      <stageThreshold>-1.1067447662353516e+00</stageThreshold>
      <weakClassifiers>
        <_>
          <internalNodes>
            0 -1 112 -2.9996745288372040e-02</internalNodes>
          <leafValues>
            9.1666668653488159e-01 -3.8541665673255920e-01</leafValues></_>
        <_>
          <internalNodes>
            0 -1 20 7.3850080370903015e-03</internalNodes>
          <leafValues>
            4.5963864773511887e-02 -9.2525511980056763e-01</leafValues></_>
        <_>
          <internalNodes>
            0 -1 78 2.5324799120426178e-02</internalNodes>
          <leafValues>
            -2.1743543446063995e-01 3.2048586010932922e-01</leafValues></_>
        <_>
          <internalNodes>
            0 -1 188 3.3122035674750805e-03</internalNodes>
          <leafValues>
            -2.2772133350372314e-01 3.3436432480812073e-01</leafValues></_>
        <_>
          <internalNodes>
            0 -1 21 -3.2761748880147934e-02</internalNodes>
          <leafValues>
            4.6595174074172974e-01 -1.3255155086517334e-01</leafValues></_>
        <_>
          <internalNodes>
            0 -1 109 3.4855827689170837e-03</internalNodes>
          <leafValues>
            1.0904778540134430e-01 -5.9123104810714722e-01</leafValues></_>
        <_>
          <internalNodes>
            0 -1 41 1.9564054673537612e-04</internalNodes>
          <leafValues>
            -2.3295375704765320e-01 2.7768048644065857e-01</leafValues></_>
        <_>
          <internalNodes>
            0 -1 140 7.3084273026324809e-05</internalNodes>
          <leafValues>
            -2.4133062362670898e-01 2.8787404298782349e-01</leafValues></_>
        <_>
          <internalNodes>
            0 -1 130 -1.1534130200743675e-02</internalNodes>
          <leafValues>
            5.1374268531799316e-01 -1.2849941849708557e-01</leafValues></_>
        <_>
          <internalNodes>
            0 -1 123 1.5200420748442411e-03</internalNodes>
          <leafValues>
            -2.4503523111343384e-01 2.8209972381591797e-01</leafValues></_>
        <_>
          <internalNodes>
            0 -1 119 -6.8926240783184767e-04</internalNodes>
          <leafValues>
            -4.0102574229240417e-01 1.8151426315307617e-01</leafValues></_>
        <_>
          <internalNodes>
            0 -1 178 5.7819746871246025e-05</internalNodes>
          <leafValues>
            -2.7751734852790833e-01 2.8400373458862305e-01</leafValues></_>
        <_>
          <internalNodes>
            0 -1 214 5.0797313451766968e-03</internalNodes>
          <leafValues>
            -2.0424956083297729e-01 4.0281370282173157e-01</leafValues></_>
        <_>
          <internalNodes>
            0 -1 16 6.5660113468766212e-03</internalNodes>
          <leafValues>
            1.2850666046142578e-01 -6.2064468860626221e-01</leafValues></_>
        <_>
          <internalNodes>
            0 -1 174 -4.6560224145650864e-03</internalNodes>
          <leafValues>
            -8.6501878499984741e-01 7.8691527247428894e-02</leafValues></_></weakClassifiers></_>
    <!-- stage 17 -->
    <_>
      <maxWeakCount>14</maxWeakCount>
      <stageThreshold>-1.0171955823898315e+00</stageThreshold>
      <weakClassifiers>
        <_>
          <internalNodes>
            0 -1 60 2.0642865449190140e-02</internalNodes>
          <leafValues>
            -4.8705881834030151e-01 3.9999999105930328e-02</leafValues></_>
        <_>
          <internalNodes>
            0 -1 129 6.9712931290268898e-03</internalNodes>
          <leafValues>
            6.9933108985424042e-02 -7.1497464179992676e-01</leafValues></_>
        <_>
          <internalNodes>
            0 -1 184 9.4576645642518997e-03</internalNodes>
          <leafValues>
            -1.4791363477706909e-01 4.1867849230766296e-01</leafValues></_>
        <_>
          <internalNodes>
            0 -1 197 5.2587417885661125e-03</internalNodes>
          <leafValues>
            -1.2948432564735413e-01 4.4272473454475403e-01</leafValues></_>
        <_>
          <internalNodes>
            0 -1 159 -4.8147393390536308e-03</internalNodes>
          <leafValues>
            7.4875479936599731e-01 -1.0205470770597458e-01</leafValues></_>
        <_>
          <internalNodes>
            0 -1 180 -4.6920529566705227e-03</internalNodes>
          <leafValues>
            -4.7322449088096619e-01 1.4669346809387207e-01</leafValues></_>
        <_>
          <internalNodes>
            0 -1 150 2.8629088774323463e-04</internalNodes>
          <leafValues>
            -2.0426405966281891e-01 3.2882937788963318e-01</leafValues></_>
        <_>
          <internalNodes>
            0 -1 217 -6.3572160433977842e-04</internalNodes>
          <leafValues>
            -4.2558470368385315e-01 1.4900572597980499e-01</leafValues></_>
        <_>
          <internalNodes>
            0 -1 103 -8.5951257497072220e-03</internalNodes>
          <leafValues>
            5.0118333101272583e-01 -1.4979076385498047e-01</leafValues></_>
        <_>
          <internalNodes>
            0 -1 86 1.7920419573783875e-02</internalNodes>
          <leafValues>
            -9.7532436251640320e-02 7.7872991561889648e-01</leafValues></_>
        <_>
          <internalNodes>
            0 -1 34 -3.9611966349184513e-03</internalNodes>
          <leafValues>
            5.6616783142089844e-01 -1.2872068583965302e-01</leafValues></_>
        <_>
          <internalNodes>
            0 -1 33 2.5038251187652349e-03</internalNodes>
          <leafValues>
            -1.8211044371128082e-01 4.6031886339187622e-01</leafValues></_>
        <_>
          <internalNodes>
            0 -1 175 -1.4206456253305078e-03</internalNodes>
          <leafValues>
            -5.4865074157714844e-01 1.4584100246429443e-01</leafValues></_>
        <_>
          <internalNodes>
            0 -1 161 -2.3559041321277618e-02</internalNodes>
          <leafValues>
            4.5550367236137390e-01 -1.7595799267292023e-01</leafValues></_></weakClassifiers></_>
    <!-- stage 18 -->
    <_>
      <maxWeakCount>18</maxWeakCount>
      <stageThreshold>-1.1143002510070801e+00</stageThreshold>
      <weakClassifiers>
        <_>
          <internalNodes>
            0 -1 196 -1.2180428020656109e-03</internalNodes>
          <leafValues>
            1.2820513546466827e-01 -4.4513458013534546e-01</leafValues></_>
        <_>
          <internalNodes>
            0 -1 221 1.0554508771747351e-03</internalNodes>
          <leafValues>
            6.3325397670269012e-02 -6.9334626197814941e-01</leafValues></_>
        <_>
          <internalNodes>
            0 -1 12 4.2584910988807678e-02</internalNodes>
          <leafValues>
            1.0348749905824661e-01 -8.4638559818267822e-01</leafValues></_>
        <_>
          <internalNodes>
            0 -1 18 -1.2765508145093918e-03</internalNodes>
          <leafValues>
            -3.9363029599189758e-01 1.3641907274723053e-01</leafValues></_>
        <_>
          <internalNodes>
            0 -1 189 -1.7037007492035627e-03</internalNodes>
          <leafValues>
            4.3265926837921143e-01 -1.4282375574111938e-01</leafValues></_>
        <_>
          <internalNodes>
            0 -1 200 1.3838328421115875e-02</internalNodes>
          <leafValues>
            9.7494624555110931e-02 -7.9259651899337769e-01</leafValues></_>
        <_>
          <internalNodes>
            0 -1 47 1.9071631133556366e-02</internalNodes>
          <leafValues>
            -2.8432658314704895e-01 2.1580088138580322e-01</leafValues></_>
        <_>
          <internalNodes>
            0 -1 46 1.1936774849891663e-01</internalNodes>
          <leafValues>
            6.8935029208660126e-02 -9.3011438846588135e-01</leafValues></_>
        <_>
          <internalNodes>
            0 -1 115 1.5776951331645250e-03</internalNodes>
          <leafValues>
            1.3418008387088776e-01 -4.6309733390808105e-01</leafValues></_>
        <_>
          <internalNodes>
            0 -1 26 1.5770040452480316e-02</internalNodes>
          <leafValues>
            7.5002029538154602e-02 -8.4922182559967041e-01</leafValues></_>
        <_>
          <internalNodes>
            0 -1 43 1.9119404256343842e-02</internalNodes>
          <leafValues>
            8.2639440894126892e-02 -6.5367317199707031e-01</leafValues></_>
        <_>
          <internalNodes>
            0 -1 36 9.9440454505383968e-04</internalNodes>
          <leafValues>
            -3.1399512290954590e-01 2.1373519301414490e-01</leafValues></_>
        <_>
          <internalNodes>
            0 -1 168 9.4185839407145977e-04</internalNodes>
          <leafValues>
            1.6727174818515778e-01 -4.3866181373596191e-01</leafValues></_>
        <_>
          <internalNodes>
            0 -1 37 -9.1421371325850487e-04</internalNodes>
          <leafValues>
            4.2570540308952332e-01 -1.6185428202152252e-01</leafValues></_>
        <_>
          <internalNodes>
            0 -1 95 -1.2565931538119912e-03</internalNodes>
          <leafValues>
            3.5618051886558533e-01 -1.9945649802684784e-01</leafValues></_>
        <_>
          <internalNodes>
            0 -1 73 -1.0727725457400084e-03</internalNodes>
          <leafValues>
            -4.8029017448425293e-01 1.5453304350376129e-01</leafValues></_>
        <_>
          <internalNodes>
            0 -1 151 -6.5317741245962679e-05</internalNodes>
          <leafValues>
            2.6628157496452332e-01 -2.7066776156425476e-01</leafValues></_>
        <_>
          <internalNodes>
            0 -1 185 7.1800517616793513e-05</internalNodes>
          <leafValues>
            -3.0134987831115723e-01 2.2892290353775024e-01</leafValues></_></weakClassifiers></_>
    <!-- stage 19 -->
    <_>
      <maxWeakCount>16</maxWeakCount>
      <stageThreshold>-9.6761798858642578e-01</stageThreshold>
      <weakClassifiers>
        <_>
          <internalNodes>
            0 -1 24 -2.8982754796743393e-02</internalNodes>
          <leafValues>
            6.8750000000000000e-01 -3.9084506034851074e-01</leafValues></_>
        <_>
          <internalNodes>
            0 -1 10 7.1869920939207077e-03</internalNodes>
          <leafValues>
            -2.1764501929283142e-01 4.5835161209106445e-01</leafValues></_>
        <_>
          <internalNodes>
            0 -1 117 -1.6032846178859472e-03</internalNodes>
          <leafValues>
            -7.8154879808425903e-01 1.1958765983581543e-01</leafValues></_>
        <_>
          <internalNodes>
            0 -1 177 -4.0430136024951935e-02</internalNodes>
          <leafValues>
            -1. 8.5733577609062195e-02</leafValues></_>
        <_>
          <internalNodes>
            0 -1 181 -8.2823424600064754e-04</internalNodes>
          <leafValues>
            2.5683674216270447e-01 -2.8680899739265442e-01</leafValues></_>
        <_>
          <internalNodes>
            0 -1 218 -1.0724922642111778e-02</internalNodes>
          <leafValues>
            3.8455459475517273e-01 -1.7491252720355988e-01</leafValues></_>
        <_>
          <internalNodes>
            0 -1 209 8.4649585187435150e-04</internalNodes>
          <leafValues>
            -2.4238394200801849e-01 3.0156213045120239e-01</leafValues></_>
        <_>
          <internalNodes>
            0 -1 144 -3.1109530478715897e-02</internalNodes>
          <leafValues>
            5.0220561027526855e-01 -1.4392343163490295e-01</leafValues></_>
        <_>
          <internalNodes>
            0 -1 169 -9.2358805704861879e-04</internalNodes>
          <leafValues>
            -5.7045912742614746e-01 1.3130892813205719e-01</leafValues></_>
        <_>
          <internalNodes>
            0 -1 50 -3.6220655601937324e-05</internalNodes>
          <leafValues>
            2.7793017029762268e-01 -2.5393727421760559e-01</leafValues></_>
        <_>
          <internalNodes>
            0 -1 79 8.5342451930046082e-03</internalNodes>
          <leafValues>
            1.3229578733444214e-01 -5.2303528785705566e-01</leafValues></_>
        <_>
          <internalNodes>
            0 -1 77 -9.8862778395414352e-03</internalNodes>
          <leafValues>
            5.8765858411788940e-01 -1.2637780606746674e-01</leafValues></_>
        <_>
          <internalNodes>
            0 -1 132 5.1404852420091629e-03</internalNodes>
          <leafValues>
            1.0397714376449585e-01 -7.4040204286575317e-01</leafValues></_>
        <_>
          <internalNodes>
            0 -1 187 -2.1677748300135136e-03</internalNodes>
          <leafValues>
            5.2872771024703979e-01 -1.5783540904521942e-01</leafValues></_>
        <_>
          <internalNodes>
            0 -1 156 3.9177270082291216e-05</internalNodes>
          <leafValues>
            -2.4605917930603027e-01 3.1360152363777161e-01</leafValues></_>
        <_>
          <internalNodes>
            0 -1 102 1.3661581324413419e-03</internalNodes>
          <leafValues>
            1.9434843957424164e-01 -3.7217926979064941e-01</leafValues></_></weakClassifiers></_></stages>
  <features>
    <_>
      <rects>
        <_>
          0 0 2 2 -1.</_>
        <_>
          0 0 1 1 2.</_>
        <_>
          1 1 1 1 2.</_></rects>
      <tilted>0</tilted></_>
    <_>
      <rects>
        <_>
          0 0 3 18 -1.</_>
        <_>
          1 0 1 18 3.</_></rects>
      <tilted>0</tilted></_>
    <_>
      <rects>
        <_>
          0 0 3 20 -1.</_>
        <_>
          1 0 1 20 3.</_></rects>
      <tilted>0</tilted></_>
    <_>
      <rects>
        <_>
          0 0 3 22 -1.</_>
        <_>
          1 0 1 22 3.</_></rects>
      <tilted>0</tilted></_>
    <_>
      <rects>
        <_>
          0 0 3 24 -1.</_>
        <_>
          1 0 1 24 3.</_></rects>
      <tilted>0</tilted></_>
    <_>
      <rects>
        <_>
          0 0 6 8 -1.</_>
        <_>
          2 0 2 8 3.</_></rects>
      <tilted>0</tilted></_>
    <_>
      <rects>
        <_>
          0 0 9 1 -1.</_>
        <_>
          3 0 3 1 3.</_></rects>
      <tilted>0</tilted></_>
    <_>
      <rects>
        <_>
          0 1 2 23 -1.</_>
        <_>
          1 1 1 23 2.</_></rects>
      <tilted>0</tilted></_>
    <_>
      <rects>
        <_>
          0 1 6 19 -1.</_>
        <_>
          2 1 2 19 3.</_></rects>
      <tilted>0</tilted></_>
    <_>
      <rects>
        <_>
          0 1 8 1 -1.</_>
        <_>
          4 1 4 1 2.</_></rects>
      <tilted>0</tilted></_>
    <_>
      <rects>
        <_>
          0 2 3 8 -1.</_>
        <_>
          1 2 1 8 3.</_></rects>
      <tilted>0</tilted></_>
    <_>
      <rects>
        <_>
          0 2 3 15 -1.</_>
        <_>
          1 2 1 15 3.</_></rects>
      <tilted>0</tilted></_>
    <_>
      <rects>
        <_>
          0 3 3 15 -1.</_>
        <_>
          0 8 3 5 3.</_></rects>
      <tilted>0</tilted></_>
    <_>
      <rects>
        <_>
          0 5 3 4 -1.</_>
        <_>
          1 5 1 4 3.</_></rects>
      <tilted>0</tilted></_>
    <_>
      <rects>
        <_>
          0 5 6 19 -1.</_>
        <_>
          2 5 2 19 3.</_></rects>
      <tilted>0</tilted></_>
    <_>
      <rects>
        <_>
          0 6 3 18 -1.</_>
        <_>
          1 6 1 18 3.</_></rects>
      <tilted>0</tilted></_>
    <_>
      <rects>
        <_>
          0 8 1 10 -1.</_>
        <_>
          0 13 1 5 2.</_></rects>
      <tilted>0</tilted></_>
    <_>
      <rects>
        <_>
          0 8 3 16 -1.</_>
        <_>
          1 8 1 16 3.</_></rects>
      <tilted>0</tilted></_>
    <_>
      <rects>
        <_>
          0 8 10 2 -1.</_>
        <_>
          0 9 10 1 2.</_></rects>
      <tilted>0</tilted></_>
    <_>
      <rects>
        <_>
          0 8 14 3 -1.</_>
        <_>
          0 9 14 1 3.</_></rects>
      <tilted>0</tilted></_>
    <_>
      <rects>
        <_>
          0 8 16 2 -1.</_>
        <_>
          0 9 16 1 2.</_></rects>
      <tilted>0</tilted></_>
    <_>
      <rects>
        <_>
          0 10 6 14 -1.</_>
        <_>
          2 10 2 14 3.</_></rects>
      <tilted>0</tilted></_>
    <_>
      <rects>
        <_>
          0 10 18 14 -1.</_>
        <_>
          9 10 9 14 2.</_></rects>
      <tilted>0</tilted></_>
    <_>
      <rects>
        <_>
          0 11 3 13 -1.</_>
        <_>
          1 11 1 13 3.</_></rects>
      <tilted>0</tilted></_>
    <_>
      <rects>
        <_>
          0 12 3 12 -1.</_>
        <_>
          1 12 1 12 3.</_></rects>
      <tilted>0</tilted></_>
    <_>
      <rects>
        <_>
          0 12 19 3 -1.</_>
        <_>
          0 13 19 1 3.</_></rects>
      <tilted>0</tilted></_>
    <_>
      <rects>
        <_>
          0 13 4 10 -1.</_>
        <_>
          0 13 2 5 2.</_>
        <_>
          2 18 2 5 2.</_></rects>
      <tilted>0</tilted></_>
    <_>
      <rects>
        <_>
          0 14 19 3 -1.</_>
        <_>
          0 15 19 1 3.</_></rects>
      <tilted>0</tilted></_>
    <_>
      <rects>
        <_>
          0 16 16 8 -1.</_>
        <_>
          0 20 16 4 2.</_></rects>
      <tilted>0</tilted></_>
    <_>
      <rects>
        <_>
          0 17 3 2 -1.</_>
        <_>
          1 17 1 2 3.</_></rects>
      <tilted>0</tilted></_>
    <_>
      <rects>
        <_>
          0 17 3 6 -1.</_>
        <_>
          1 17 1 6 3.</_></rects>
      <tilted>0</tilted></_>
    <_>
      <rects>
        <_>
          0 18 3 1 -1.</_>
        <_>
          1 18 1 1 3.</_></rects>
      <tilted>0</tilted></_>
    <_>
      <rects>
        <_>
          0 19 3 4 -1.</_>
        <_>
          1 19 1 4 3.</_></rects>
      <tilted>0</tilted></_>
    <_>
      <rects>
        <_>
          0 20 2 4 -1.</_>
        <_>
          1 20 1 4 2.</_></rects>
      <tilted>0</tilted></_>
    <_>
      <rects>
        <_>
          0 21 3 3 -1.</_>
        <_>
          1 21 1 3 3.</_></rects>
      <tilted>0</tilted></_>
    <_>
      <rects>
        <_>
          0 21 6 2 -1.</_>
        <_>
          3 21 3 2 2.</_></rects>
      <tilted>0</tilted></_>
    <_>
      <rects>
        <_>
          0 22 12 2 -1.</_>
        <_>
          4 22 4 2 3.</_></rects>
      <tilted>0</tilted></_>
    <_>
      <rects>
        <_>
          0 23 3 1 -1.</_>
        <_>
          1 23 1 1 3.</_></rects>
      <tilted>0</tilted></_>
    <_>
      <rects>
        <_>
          1 0 6 24 -1.</_>
        <_>
          4 0 3 24 2.</_></rects>
      <tilted>0</tilted></_>
    <_>
      <rects>
        <_>
          1 0 9 24 -1.</_>
        <_>
          4 0 3 24 3.</_></rects>
      <tilted>0</tilted></_>
    <_>
      <rects>
        <_>
          1 0 8 22 -1.</_>
        <_>
          1 0 4 11 2.</_>
        <_>
          5 11 4 11 2.</_></rects>
      <tilted>0</tilted></_>
    <_>
      <rects>
        <_>
          1 1 3 22 -1.</_>
        <_>
          2 1 1 22 3.</_></rects>
      <tilted>0</tilted></_>
    <_>
      <rects>
        <_>
          1 2 3 3 -1.</_>
        <_>
          1 3 3 1 3.</_></rects>
      <tilted>0</tilted></_>
    <_>
      <rects>
        <_>
          1 3 4 16 -1.</_>
        <_>
          1 3 2 8 2.</_>
        <_>
          3 11 2 8 2.</_></rects>
      <tilted>0</tilted></_>
    <_>
      <rects>
        <_>
          1 3 8 20 -1.</_>
        <_>
          1 3 4 10 2.</_>
        <_>
          5 13 4 10 2.</_></rects>
      <tilted>0</tilted></_>
    <_>
      <rects>
        <_>
          1 5 2 13 -1.</_>
        <_>
          2 5 1 13 2.</_></rects>
      <tilted>0</tilted></_>
    <_>
      <rects>
        <_>
          1 5 8 12 -1.</_>
        <_>
          5 5 4 12 2.</_></rects>
      <tilted>0</tilted></_>
    <_>
      <rects>
        <_>
          1 7 8 12 -1.</_>
        <_>
          5 7 4 12 2.</_></rects>
      <tilted>0</tilted></_>
    <_>
      <rects>
        <_>
          1 7 7 3 -1.</_>
        <_>
          1 8 7 1 3.</_></rects>
      <tilted>0</tilted></_>
    <_>
      <rects>
        <_>
          1 10 23 3 -1.</_>
        <_>
          1 11 23 1 3.</_></rects>
      <tilted>0</tilted></_>
    <_>
      <rects>
        <_>
          1 13 2 2 -1.</_>
        <_>
          1 13 1 1 2.</_>
        <_>
          2 14 1 1 2.</_></rects>
      <tilted>0</tilted></_>
    <_>
      <rects>
        <_>
          1 15 16 3 -1.</_>
        <_>
          1 16 16 1 3.</_></rects>
      <tilted>0</tilted></_>
    <_>
      <rects>
        <_>
          1 15 17 3 -1.</_>
        <_>
          1 16 17 1 3.</_></rects>
      <tilted>0</tilted></_>
    <_>
      <rects>
        <_>
          1 22 6 2 -1.</_>
        <_>
          4 22 3 2 2.</_></rects>
      <tilted>0</tilted></_>
    <_>
      <rects>
        <_>
          2 0 8 16 -1.</_>
        <_>
          2 0 4 8 2.</_>
        <_>
          6 8 4 8 2.</_></rects>
      <tilted>0</tilted></_>
    <_>
      <rects>
        <_>
          2 1 4 16 -1.</_>
        <_>
          2 1 2 8 2.</_>
        <_>
          4 9 2 8 2.</_></rects>
      <tilted>0</tilted></_>
    <_>
      <rects>
        <_>
          2 1 3 3 -1.</_>
        <_>
          2 2 3 1 3.</_></rects>
      <tilted>0</tilted></_>
    <_>
      <rects>
        <_>
          2 1 14 6 -1.</_>
        <_>
          2 1 7 3 2.</_>
        <_>
          9 4 7 3 2.</_></rects>
      <tilted>0</tilted></_>
    <_>
      <rects>
        <_>
          2 3 3 4 -1.</_>
        <_>
          3 3 1 4 3.</_></rects>
      <tilted>0</tilted></_>
    <_>
      <rects>
        <_>
          2 4 4 20 -1.</_>
        <_>
          4 4 2 20 2.</_></rects>
      <tilted>0</tilted></_>
    <_>
      <rects>
        <_>
          2 10 4 14 -1.</_>
        <_>
          4 10 2 14 2.</_></rects>
      <tilted>0</tilted></_>
    <_>
      <rects>
        <_>
          2 13 2 2 -1.</_>
        <_>
          3 13 1 2 2.</_></rects>
      <tilted>0</tilted></_>
    <_>
      <rects>
        <_>
          2 13 7 3 -1.</_>
        <_>
          2 14 7 1 3.</_></rects>
      <tilted>0</tilted></_>
    <_>
      <rects>
        <_>
          2 16 22 3 -1.</_>
        <_>
          2 17 22 1 3.</_></rects>
      <tilted>0</tilted></_>
    <_>
      <rects>
        <_>
          2 18 6 5 -1.</_>
        <_>
          4 18 2 5 3.</_></rects>
      <tilted>0</tilted></_>
    <_>
      <rects>
        <_>
          3 0 4 12 -1.</_>
        <_>
          3 0 2 6 2.</_>
        <_>
          5 6 2 6 2.</_></rects>
      <tilted>0</tilted></_>
    <_>
      <rects>
        <_>
          3 0 7 6 -1.</_>
        <_>
          3 2 7 2 3.</_></rects>
      <tilted>0</tilted></_>
    <_>
      <rects>
        <_>
          3 2 9 9 -1.</_>
        <_>
          6 2 3 9 3.</_></rects>
      <tilted>0</tilted></_>
    <_>
      <rects>
        <_>
          3 2 21 9 -1.</_>
        <_>
          10 2 7 9 3.</_></rects>
      <tilted>0</tilted></_>
    <_>
      <rects>
        <_>
          3 5 3 1 -1.</_>
        <_>
          4 5 1 1 3.</_></rects>
      <tilted>0</tilted></_>
    <_>
      <rects>
        <_>
          3 7 9 1 -1.</_>
        <_>
          6 7 3 1 3.</_></rects>
      <tilted>0</tilted></_>
    <_>
      <rects>
        <_>
          3 7 5 15 -1.</_>
        <_>
          3 12 5 5 3.</_></rects>
      <tilted>0</tilted></_>
    <_>
      <rects>
        <_>
          3 10 9 9 -1.</_>
        <_>
          6 10 3 9 3.</_></rects>
      <tilted>0</tilted></_>
    <_>
      <rects>
        <_>
          3 11 3 6 -1.</_>
        <_>
          4 11 1 6 3.</_></rects>
      <tilted>0</tilted></_>
    <_>
      <rects>
        <_>
          3 15 3 3 -1.</_>
        <_>
          4 15 1 3 3.</_></rects>
      <tilted>0</tilted></_>
    <_>
      <rects>
        <_>
          3 17 6 3 -1.</_>
        <_>
          3 18 6 1 3.</_></rects>
      <tilted>0</tilted></_>
    <_>
      <rects>
        <_>
          3 20 12 3 -1.</_>
        <_>
          7 20 4 3 3.</_></rects>
      <tilted>0</tilted></_>
    <_>
      <rects>
        <_>
          4 2 10 4 -1.</_>
        <_>
          4 2 5 2 2.</_>
        <_>
          9 4 5 2 2.</_></rects>
      <tilted>0</tilted></_>
    <_>
      <rects>
        <_>
          4 2 11 18 -1.</_>
        <_>
          4 8 11 6 3.</_></rects>
      <tilted>0</tilted></_>
    <_>
      <rects>
        <_>
          4 4 4 20 -1.</_>
        <_>
          4 4 2 10 2.</_>
        <_>
          6 14 2 10 2.</_></rects>
      <tilted>0</tilted></_>
    <_>
      <rects>
        <_>
          4 5 3 4 -1.</_>
        <_>
          5 5 1 4 3.</_></rects>
      <tilted>0</tilted></_>
    <_>
      <rects>
        <_>
          4 5 2 16 -1.</_>
        <_>
          4 5 1 8 2.</_>
        <_>
          5 13 1 8 2.</_></rects>
      <tilted>0</tilted></_>
    <_>
      <rects>
        <_>
          4 5 14 18 -1.</_>
        <_>
          4 14 14 9 2.</_></rects>
      <tilted>0</tilted></_>
    <_>
      <rects>
        <_>
          4 6 3 14 -1.</_>
        <_>
          5 6 1 14 3.</_></rects>
      <tilted>0</tilted></_>
    <_>
      <rects>
        <_>
          4 13 2 11 -1.</_>
        <_>
          5 13 1 11 2.</_></rects>
      <tilted>0</tilted></_>
    <_>
      <rects>
        <_>
          4 15 6 7 -1.</_>
        <_>
          6 15 2 7 3.</_></rects>
      <tilted>0</tilted></_>
    <_>
      <rects>
        <_>
          4 20 7 4 -1.</_>
        <_>
          4 22 7 2 2.</_></rects>
      <tilted>0</tilted></_>
    <_>
      <rects>
        <_>
          5 0 5 20 -1.</_>
        <_>
          5 10 5 10 2.</_></rects>
      <tilted>0</tilted></_>
    <_>
      <rects>
        <_>
          5 0 18 14 -1.</_>
        <_>
          11 0 6 14 3.</_></rects>
      <tilted>0</tilted></_>
    <_>
      <rects>
        <_>
          5 1 11 3 -1.</_>
        <_>
          5 2 11 1 3.</_></rects>
      <tilted>0</tilted></_>
    <_>
      <rects>
        <_>
          5 14 15 6 -1.</_>
        <_>
          10 14 5 6 3.</_></rects>
      <tilted>0</tilted></_>
    <_>
      <rects>
        <_>
          5 19 18 4 -1.</_>
        <_>
          11 19 6 4 3.</_></rects>
      <tilted>0</tilted></_>
    <_>
      <rects>
        <_>
          6 0 15 19 -1.</_>
        <_>
          11 0 5 19 3.</_></rects>
      <tilted>0</tilted></_>
    <_>
      <rects>
        <_>
          6 2 15 19 -1.</_>
        <_>
          11 2 5 19 3.</_></rects>
      <tilted>0</tilted></_>
    <_>
      <rects>
        <_>
          6 3 2 3 -1.</_>
        <_>
          6 4 2 1 3.</_></rects>
      <tilted>0</tilted></_>
    <_>
      <rects>
        <_>
          6 3 5 3 -1.</_>
        <_>
          6 4 5 1 3.</_></rects>
      <tilted>0</tilted></_>
    <_>
      <rects>
        <_>
          6 11 6 13 -1.</_>
        <_>
          9 11 3 13 2.</_></rects>
      <tilted>0</tilted></_>
    <_>
      <rects>
        <_>
          6 16 10 4 -1.</_>
        <_>
          6 18 10 2 2.</_></rects>
      <tilted>0</tilted></_>
    <_>
      <rects>
        <_>
          7 0 9 24 -1.</_>
        <_>
          10 0 3 24 3.</_></rects>
      <tilted>0</tilted></_>
    <_>
      <rects>
        <_>
          7 1 1 6 -1.</_>
        <_>
          7 3 1 2 3.</_></rects>
      <tilted>0</tilted></_>
    <_>
      <rects>
        <_>
          7 2 4 6 -1.</_>
        <_>
          7 4 4 2 3.</_></rects>
      <tilted>0</tilted></_>
    <_>
      <rects>
        <_>
          7 9 4 3 -1.</_>
        <_>
          9 9 2 3 2.</_></rects>
      <tilted>0</tilted></_>
    <_>
      <rects>
        <_>
          7 13 16 3 -1.</_>
        <_>
          7 14 16 1 3.</_></rects>
      <tilted>0</tilted></_>
    <_>
      <rects>
        <_>
          7 15 16 4 -1.</_>
        <_>
          7 15 8 2 2.</_>
        <_>
          15 17 8 2 2.</_></rects>
      <tilted>0</tilted></_>
    <_>
      <rects>
        <_>
          7 18 9 6 -1.</_>
        <_>
          10 18 3 6 3.</_></rects>
      <tilted>0</tilted></_>
    <_>
      <rects>
        <_>
          7 18 7 3 -1.</_>
        <_>
          7 19 7 1 3.</_></rects>
      <tilted>0</tilted></_>
    <_>
      <rects>
        <_>
          7 21 12 2 -1.</_>
        <_>
          7 22 12 1 2.</_></rects>
      <tilted>0</tilted></_>
    <_>
      <rects>
        <_>
          8 0 1 3 -1.</_>
        <_>
          8 1 1 1 3.</_></rects>
      <tilted>0</tilted></_>
    <_>
      <rects>
        <_>
          8 1 6 22 -1.</_>
        <_>
          8 1 3 11 2.</_>
        <_>
          11 12 3 11 2.</_></rects>
      <tilted>0</tilted></_>
    <_>
      <rects>
        <_>
          8 3 2 20 -1.</_>
        <_>
          8 3 1 10 2.</_>
        <_>
          9 13 1 10 2.</_></rects>
      <tilted>0</tilted></_>
    <_>
      <rects>
        <_>
          8 3 6 1 -1.</_>
        <_>
          10 3 2 1 3.</_></rects>
      <tilted>0</tilted></_>
    <_>
      <rects>
        <_>
          8 3 4 20 -1.</_>
        <_>
          8 3 2 10 2.</_>
        <_>
          10 13 2 10 2.</_></rects>
      <tilted>0</tilted></_>
    <_>
      <rects>
        <_>
          8 3 4 6 -1.</_>
        <_>
          8 5 4 2 3.</_></rects>
      <tilted>0</tilted></_>
    <_>
      <rects>
        <_>
          8 6 2 16 -1.</_>
        <_>
          8 6 1 8 2.</_>
        <_>
          9 14 1 8 2.</_></rects>
      <tilted>0</tilted></_>
    <_>
      <rects>
        <_>
          8 13 9 3 -1.</_>
        <_>
          8 14 9 1 3.</_></rects>
      <tilted>0</tilted></_>
    <_>
      <rects>
        <_>
          8 15 9 3 -1.</_>
        <_>
          8 16 9 1 3.</_></rects>
      <tilted>0</tilted></_>
    <_>
      <rects>
        <_>
          9 7 6 7 -1.</_>
        <_>
          11 7 2 7 3.</_></rects>
      <tilted>0</tilted></_>
    <_>
      <rects>
        <_>
          9 8 2 3 -1.</_>
        <_>
          10 8 1 3 2.</_></rects>
      <tilted>0</tilted></_>
    <_>
      <rects>
        <_>
          9 9 15 3 -1.</_>
        <_>
          9 10 15 1 3.</_></rects>
      <tilted>0</tilted></_>
    <_>
      <rects>
        <_>
          9 11 7 2 -1.</_>
        <_>
          9 12 7 1 2.</_></rects>
      <tilted>0</tilted></_>
    <_>
      <rects>
        <_>
          9 12 3 12 -1.</_>
        <_>
          9 16 3 4 3.</_></rects>
      <tilted>0</tilted></_>
    <_>
      <rects>
        <_>
          9 16 3 8 -1.</_>
        <_>
          9 20 3 4 2.</_></rects>
      <tilted>0</tilted></_>
    <_>
      <rects>
        <_>
          9 18 7 2 -1.</_>
        <_>
          9 19 7 1 2.</_></rects>
      <tilted>0</tilted></_>
    <_>
      <rects>
        <_>
          10 0 2 9 -1.</_>
        <_>
          10 3 2 3 3.</_></rects>
      <tilted>0</tilted></_>
    <_>
      <rects>
        <_>
          10 6 2 18 -1.</_>
        <_>
          10 6 1 9 2.</_>
        <_>
          11 15 1 9 2.</_></rects>
      <tilted>0</tilted></_>
    <_>
      <rects>
        <_>
          10 17 5 6 -1.</_>
        <_>
          10 19 5 2 3.</_></rects>
      <tilted>0</tilted></_>
    <_>
      <rects>
        <_>
          10 17 10 6 -1.</_>
        <_>
          10 17 5 3 2.</_>
        <_>
          15 20 5 3 2.</_></rects>
      <tilted>0</tilted></_>
    <_>
      <rects>
        <_>
          10 18 9 6 -1.</_>
        <_>
          10 21 9 3 2.</_></rects>
      <tilted>0</tilted></_>
    <_>
      <rects>
        <_>
          10 20 3 4 -1.</_>
        <_>
          11 20 1 4 3.</_></rects>
      <tilted>0</tilted></_>
    <_>
      <rects>
        <_>
          11 0 2 22 -1.</_>
        <_>
          11 0 1 11 2.</_>
        <_>
          12 11 1 11 2.</_></rects>
      <tilted>0</tilted></_>
    <_>
      <rects>
        <_>
          11 0 2 9 -1.</_>
        <_>
          11 3 2 3 3.</_></rects>
      <tilted>0</tilted></_>
    <_>
      <rects>
        <_>
          11 0 7 9 -1.</_>
        <_>
          11 3 7 3 3.</_></rects>
      <tilted>0</tilted></_>
    <_>
      <rects>
        <_>
          11 1 6 2 -1.</_>
        <_>
          13 1 2 2 3.</_></rects>
      <tilted>0</tilted></_>
    <_>
      <rects>
        <_>
          11 2 2 22 -1.</_>
        <_>
          11 2 1 11 2.</_>
        <_>
          12 13 1 11 2.</_></rects>
      <tilted>0</tilted></_>
    <_>
      <rects>
        <_>
          11 8 2 16 -1.</_>
        <_>
          11 8 1 8 2.</_>
        <_>
          12 16 1 8 2.</_></rects>
      <tilted>0</tilted></_>
    <_>
      <rects>
        <_>
          11 10 2 4 -1.</_>
        <_>
          11 12 2 2 2.</_></rects>
      <tilted>0</tilted></_>
    <_>
      <rects>
        <_>
          11 10 3 3 -1.</_>
        <_>
          11 11 3 1 3.</_></rects>
      <tilted>0</tilted></_>
    <_>
      <rects>
        <_>
          11 11 1 2 -1.</_>
        <_>
          11 12 1 1 2.</_></rects>
      <tilted>0</tilted></_>
    <_>
      <rects>
        <_>
          11 11 2 3 -1.</_>
        <_>
          11 12 2 1 3.</_></rects>
      <tilted>0</tilted></_>
    <_>
      <rects>
        <_>
          11 18 6 6 -1.</_>
        <_>
          11 20 6 2 3.</_></rects>
      <tilted>0</tilted></_>
    <_>
      <rects>
        <_>
          12 3 2 3 -1.</_>
        <_>
          12 4 2 1 3.</_></rects>
      <tilted>0</tilted></_>
    <_>
      <rects>
        <_>
          12 7 6 8 -1.</_>
        <_>
          14 7 2 8 3.</_></rects>
      <tilted>0</tilted></_>
    <_>
      <rects>
        <_>
          12 10 2 14 -1.</_>
        <_>
          12 17 2 7 2.</_></rects>
      <tilted>0</tilted></_>
    <_>
      <rects>
        <_>
          12 10 3 6 -1.</_>
        <_>
          12 13 3 3 2.</_></rects>
      <tilted>0</tilted></_>
    <_>
      <rects>
        <_>
          12 10 9 12 -1.</_>
        <_>
          12 14 9 4 3.</_></rects>
      <tilted>0</tilted></_>
    <_>
      <rects>
        <_>
          12 11 10 3 -1.</_>
        <_>
          12 12 10 1 3.</_></rects>
      <tilted>0</tilted></_>
    <_>
      <rects>
        <_>
          12 18 2 6 -1.</_>
        <_>
          12 20 2 2 3.</_></rects>
      <tilted>0</tilted></_>
    <_>
      <rects>
        <_>
          12 18 3 3 -1.</_>
        <_>
          12 19 3 1 3.</_></rects>
      <tilted>0</tilted></_>
    <_>
      <rects>
        <_>
          13 1 6 5 -1.</_>
        <_>
          15 1 2 5 3.</_></rects>
      <tilted>0</tilted></_>
    <_>
      <rects>
        <_>
          13 3 4 18 -1.</_>
        <_>
          13 3 2 9 2.</_>
        <_>
          15 12 2 9 2.</_></rects>
      <tilted>0</tilted></_>
    <_>
      <rects>
        <_>
          13 6 2 2 -1.</_>
        <_>
          14 6 1 2 2.</_></rects>
      <tilted>0</tilted></_>
    <_>
      <rects>
        <_>
          13 6 2 10 -1.</_>
        <_>
          13 6 1 5 2.</_>
        <_>
          14 11 1 5 2.</_></rects>
      <tilted>0</tilted></_>
    <_>
      <rects>
        <_>
          13 11 7 3 -1.</_>
        <_>
          13 12 7 1 3.</_></rects>
      <tilted>0</tilted></_>
    <_>
      <rects>
        <_>
          13 16 11 3 -1.</_>
        <_>
          13 17 11 1 3.</_></rects>
      <tilted>0</tilted></_>
    <_>
      <rects>
        <_>
          14 3 6 14 -1.</_>
        <_>
          14 3 3 7 2.</_>
        <_>
          17 10 3 7 2.</_></rects>
      <tilted>0</tilted></_>
    <_>
      <rects>
        <_>
          14 4 7 14 -1.</_>
        <_>
          14 11 7 7 2.</_></rects>
      <tilted>0</tilted></_>
    <_>
      <rects>
        <_>
          14 7 4 2 -1.</_>
        <_>
          14 7 2 1 2.</_>
        <_>
          16 8 2 1 2.</_></rects>
      <tilted>0</tilted></_>
    <_>
      <rects>
        <_>
          14 12 3 3 -1.</_>
        <_>
          14 13 3 1 3.</_></rects>
      <tilted>0</tilted></_>
    <_>
      <rects>
        <_>
          14 13 4 3 -1.</_>
        <_>
          14 14 4 1 3.</_></rects>
      <tilted>0</tilted></_>
    <_>
      <rects>
        <_>
          14 18 2 2 -1.</_>
        <_>
          14 19 2 1 2.</_></rects>
      <tilted>0</tilted></_>
    <_>
      <rects>
        <_>
          15 1 9 5 -1.</_>
        <_>
          18 1 3 5 3.</_></rects>
      <tilted>0</tilted></_>
    <_>
      <rects>
        <_>
          15 2 6 12 -1.</_>
        <_>
          15 6 6 4 3.</_></rects>
      <tilted>0</tilted></_>
    <_>
      <rects>
        <_>
          15 4 3 5 -1.</_>
        <_>
          16 4 1 5 3.</_></rects>
      <tilted>0</tilted></_>
    <_>
      <rects>
        <_>
          15 14 6 3 -1.</_>
        <_>
          15 15 6 1 3.</_></rects>
      <tilted>0</tilted></_>
    <_>
      <rects>
        <_>
          15 16 1 3 -1.</_>
        <_>
          15 17 1 1 3.</_></rects>
      <tilted>0</tilted></_>
    <_>
      <rects>
        <_>
          15 18 2 3 -1.</_>
        <_>
          15 19 2 1 3.</_></rects>
      <tilted>0</tilted></_>
    <_>
      <rects>
        <_>
          16 3 6 2 -1.</_>
        <_>
          18 3 2 2 3.</_></rects>
      <tilted>0</tilted></_>
    <_>
      <rects>
        <_>
          16 4 4 12 -1.</_>
        <_>
          16 4 2 6 2.</_>
        <_>
          18 10 2 6 2.</_></rects>
      <tilted>0</tilted></_>
    <_>
      <rects>
        <_>
          16 9 3 5 -1.</_>
        <_>
          17 9 1 5 3.</_></rects>
      <tilted>0</tilted></_>
    <_>
      <rects>
        <_>
          16 14 3 3 -1.</_>
        <_>
          16 15 3 1 3.</_></rects>
      <tilted>0</tilted></_>
    <_>
      <rects>
        <_>
          16 16 4 3 -1.</_>
        <_>
          16 17 4 1 3.</_></rects>
      <tilted>0</tilted></_>
    <_>
      <rects>
        <_>
          16 17 6 2 -1.</_>
        <_>
          18 17 2 2 3.</_></rects>
      <tilted>0</tilted></_>
    <_>
      <rects>
        <_>
          16 18 7 6 -1.</_>
        <_>
          16 20 7 2 3.</_></rects>
      <tilted>0</tilted></_>
    <_>
      <rects>
        <_>
          17 0 6 2 -1.</_>
        <_>
          19 0 2 2 3.</_></rects>
      <tilted>0</tilted></_>
    <_>
      <rects>
        <_>
          17 2 3 4 -1.</_>
        <_>
          18 2 1 4 3.</_></rects>
      <tilted>0</tilted></_>
    <_>
      <rects>
        <_>
          17 3 3 3 -1.</_>
        <_>
          18 3 1 3 3.</_></rects>
      <tilted>0</tilted></_>
    <_>
      <rects>
        <_>
          17 16 6 1 -1.</_>
        <_>
          20 16 3 1 2.</_></rects>
      <tilted>0</tilted></_>
    <_>
      <rects>
        <_>
          17 19 6 5 -1.</_>
        <_>
          20 19 3 5 2.</_></rects>
      <tilted>0</tilted></_>
    <_>
      <rects>
        <_>
          18 0 1 3 -1.</_>
        <_>
          18 1 1 1 3.</_></rects>
      <tilted>0</tilted></_>
    <_>
      <rects>
        <_>
          18 0 6 24 -1.</_>
        <_>
          20 0 2 24 3.</_></rects>
      <tilted>0</tilted></_>
    <_>
      <rects>
        <_>
          18 1 3 17 -1.</_>
        <_>
          19 1 1 17 3.</_></rects>
      <tilted>0</tilted></_>
    <_>
      <rects>
        <_>
          18 18 6 1 -1.</_>
        <_>
          21 18 3 1 2.</_></rects>
      <tilted>0</tilted></_>
    <_>
      <rects>
        <_>
          18 18 6 2 -1.</_>
        <_>
          21 18 3 2 2.</_></rects>
      <tilted>0</tilted></_>
    <_>
      <rects>
        <_>
          19 0 3 19 -1.</_>
        <_>
          20 0 1 19 3.</_></rects>
      <tilted>0</tilted></_>
    <_>
      <rects>
        <_>
          19 0 3 24 -1.</_>
        <_>
          20 0 1 24 3.</_></rects>
      <tilted>0</tilted></_>
    <_>
      <rects>
        <_>
          19 1 3 1 -1.</_>
        <_>
          20 1 1 1 3.</_></rects>
      <tilted>0</tilted></_>
    <_>
      <rects>
        <_>
          19 1 3 9 -1.</_>
        <_>
          20 1 1 9 3.</_></rects>
      <tilted>0</tilted></_>
    <_>
      <rects>
        <_>
          19 1 2 3 -1.</_>
        <_>
          19 2 2 1 3.</_></rects>
      <tilted>0</tilted></_>
    <_>
      <rects>
        <_>
          19 2 3 16 -1.</_>
        <_>
          20 2 1 16 3.</_></rects>
      <tilted>0</tilted></_>
    <_>
      <rects>
        <_>
          19 12 1 12 -1.</_>
        <_>
          19 16 1 4 3.</_></rects>
      <tilted>0</tilted></_>
    <_>
      <rects>
        <_>
          19 13 1 2 -1.</_>
        <_>
          19 14 1 1 2.</_></rects>
      <tilted>0</tilted></_>
    <_>
      <rects>
        <_>
          19 15 2 2 -1.</_>
        <_>
          19 16 2 1 2.</_></rects>
      <tilted>0</tilted></_>
    <_>
      <rects>
        <_>
          20 0 2 1 -1.</_>
        <_>
          21 0 1 1 2.</_></rects>
      <tilted>0</tilted></_>
    <_>
      <rects>
        <_>
          20 0 3 22 -1.</_>
        <_>
          21 0 1 22 3.</_></rects>
      <tilted>0</tilted></_>
    <_>
      <rects>
        <_>
          20 0 3 23 -1.</_>
        <_>
          21 0 1 23 3.</_></rects>
      <tilted>0</tilted></_>
    <_>
      <rects>
        <_>
          20 0 3 24 -1.</_>
        <_>
          21 0 1 24 3.</_></rects>
      <tilted>0</tilted></_>
    <_>
      <rects>
        <_>
          20 1 3 1 -1.</_>
        <_>
          21 1 1 1 3.</_></rects>
      <tilted>0</tilted></_>
    <_>
      <rects>
        <_>
          20 2 3 16 -1.</_>
        <_>
          21 2 1 16 3.</_></rects>
      <tilted>0</tilted></_>
    <_>
      <rects>
        <_>
          20 2 3 22 -1.</_>
        <_>
          21 2 1 22 3.</_></rects>
      <tilted>0</tilted></_>
    <_>
      <rects>
        <_>
          20 8 3 2 -1.</_>
        <_>
          21 8 1 2 3.</_></rects>
      <tilted>0</tilted></_>
    <_>
      <rects>
        <_>
          20 8 4 10 -1.</_>
        <_>
          20 8 2 5 2.</_>
        <_>
          22 13 2 5 2.</_></rects>
      <tilted>0</tilted></_>
    <_>
      <rects>
        <_>
          20 16 2 2 -1.</_>
        <_>
          21 16 1 2 2.</_></rects>
      <tilted>0</tilted></_>
    <_>
      <rects>
        <_>
          20 16 2 2 -1.</_>
        <_>
          20 17 2 1 2.</_></rects>
      <tilted>0</tilted></_>
    <_>
      <rects>
        <_>
          20 16 3 2 -1.</_>
        <_>
          20 17 3 1 2.</_></rects>
      <tilted>0</tilted></_>
    <_>
      <rects>
        <_>
          20 17 1 3 -1.</_>
        <_>
          20 18 1 1 3.</_></rects>
      <tilted>0</tilted></_>
    <_>
      <rects>
        <_>
          20 21 4 2 -1.</_>
        <_>
          20 22 4 1 2.</_></rects>
      <tilted>0</tilted></_>
    <_>
      <rects>
        <_>
          21 0 3 2 -1.</_>
        <_>
          22 0 1 2 3.</_></rects>
      <tilted>0</tilted></_>
    <_>
      <rects>
        <_>
          21 0 3 5 -1.</_>
        <_>
          22 0 1 5 3.</_></rects>
      <tilted>0</tilted></_>
    <_>
      <rects>
        <_>
          21 1 3 23 -1.</_>
        <_>
          22 1 1 23 3.</_></rects>
      <tilted>0</tilted></_>
    <_>
      <rects>
        <_>
          21 2 3 3 -1.</_>
        <_>
          22 2 1 3 3.</_></rects>
      <tilted>0</tilted></_>
    <_>
      <rects>
        <_>
          21 2 3 6 -1.</_>
        <_>
          22 2 1 6 3.</_></rects>
      <tilted>0</tilted></_>
    <_>
      <rects>
        <_>
          21 3 3 2 -1.</_>
        <_>
          22 3 1 2 3.</_></rects>
      <tilted>0</tilted></_>
    <_>
      <rects>
        <_>
          21 5 3 9 -1.</_>
        <_>
          22 5 1 9 3.</_></rects>
      <tilted>0</tilted></_>
    <_>
      <rects>
        <_>
          21 7 3 3 -1.</_>
        <_>
          22 7 1 3 3.</_></rects>
      <tilted>0</tilted></_>
    <_>
      <rects>
        <_>
          21 12 3 9 -1.</_>
        <_>
          22 12 1 9 3.</_></rects>
      <tilted>0</tilted></_>
    <_>
      <rects>
        <_>
          21 14 3 8 -1.</_>
        <_>
          22 14 1 8 3.</_></rects>
      <tilted>0</tilted></_>
    <_>
      <rects>
        <_>
          21 17 3 4 -1.</_>
        <_>
          22 17 1 4 3.</_></rects>
      <tilted>0</tilted></_>
    <_>
      <rects>
        <_>
          21 17 2 2 -1.</_>
        <_>
          21 18 2 1 2.</_></rects>
      <tilted>0</tilted></_>
    <_>
      <rects>
        <_>
          21 18 3 6 -1.</_>
        <_>
          21 21 3 3 2.</_></rects>
      <tilted>0</tilted></_>
    <_>
      <rects>
        <_>
          21 19 3 4 -1.</_>
        <_>
          22 19 1 4 3.</_></rects>
      <tilted>0</tilted></_>
    <_>
      <rects>
        <_>
          22 15 2 3 -1.</_>
        <_>
          22 16 2 1 3.</_></rects>
      <tilted>0</tilted></_>
    <_>
      <rects>
        <_>
          22 19 1 2 -1.</_>
        <_>
          22 20 1 1 2.</_></rects>
      <tilted>0</tilted></_>
    <_>
      <rects>
        <_>
          22 23 2 1 -1.</_>
        <_>
          23 23 1 1 2.</_></rects>
      <tilted>0</tilted></_>
    <_>
      <rects>
        <_>
          23 9 1 8 -1.</_>
        <_>
          23 13 1 4 2.</_></rects>
      <tilted>0</tilted></_></features></cascade>
</opencv_storage>
