<?xml version="1.0"?>
<opencv_storage>
<stage1>
  <maxWeakCount>8</maxWeakCount>
  <stageThreshold>-1.0150829553604126e+00</stageThreshold>
  <weakClassifiers>
    <_>
      <internalNodes>
        0 -1 29644 1.5803229063749313e-02</internalNodes>
      <leafValues>
        -6.1990952491760254e-01 4.6835443377494812e-01</leafValues></_>
    <_>
      <internalNodes>
        0 -1 159926 8.9633977040648460e-03</internalNodes>
      <leafValues>
        -3.1571090221405029e-01 7.1295732259750366e-01</leafValues></_>
    <_>
      <internalNodes>
        0 -1 5107 8.9220665395259857e-03</internalNodes>
      <leafValues>
        -3.7255540490150452e-01 5.7538944482803345e-01</leafValues></_>
    <_>
      <internalNodes>
        0 -1 159497 -1.1247171642025933e-04</internalNodes>
      <leafValues>
        4.7796681523323059e-01 -3.8556480407714844e-01</leafValues></_>
    <_>
      <internalNodes>
        0 -1 158787 7.0643849903717637e-04</internalNodes>
      <leafValues>
        -2.2812795639038086e-01 6.2109208106994629e-01</leafValues></_>
    <_>
      <internalNodes>
        0 -1 125823 -4.1162453591823578e-02</internalNodes>
      <leafValues>
        9.4616812467575073e-01 -1.4849637448787689e-01</leafValues></_>
    <_>
      <internalNodes>
        0 -1 157600 -2.6906921993941069e-04</internalNodes>
      <leafValues>
        5.5837601423263550e-01 -2.7740922570228577e-01</leafValues></_>
    <_>
      <internalNodes>
        0 -1 12530 3.2785470830276608e-04</internalNodes>
      <leafValues>
        -2.9430988430976868e-01 4.8347109556198120e-01</leafValues></_></weakClassifiers></stage1>
</opencv_storage>
