<?xml version="1.0"?>
<opencv_storage>
<cascade>
  <stageType>BOOST</stageType>
  <featureType>LBP</featureType>
  <height>24</height>
  <width>24</width>
  <stageParams>
    <boostType>GAB</boostType>
    <minHitRate>9.9500000476837158e-01</minHitRate>
    <maxFalseAlarm>5.0000000000000000e-01</maxFalseAlarm>
    <weightTrimRate>9.4999999999999996e-01</weightTrimRate>
    <maxDepth>1</maxDepth>
    <maxWeakCount>100</maxWeakCount></stageParams>
  <featureParams>
    <maxCatCount>256</maxCatCount>
    <featSize>1</featSize></featureParams>
  <stageNum>20</stageNum>
  <stages>
    <!-- stage 0 -->
    <_>
      <maxWeakCount>2</maxWeakCount>
      <stageThreshold>1.5681961551308632e-02</stageThreshold>
      <weakClassifiers>
        <_>
          <internalNodes>
            0 -1 0 783036046 -1427832850 -4502 -1963000066 -2147450465
            67108993 -2130148990 -2030108686</internalNodes>
          <leafValues>
            -6.7619049549102783e-01 8.7692308425903320e-01</leafValues></_>
        <_>
          <internalNodes>
            0 -1 6 -1459418994 537427968 65808 142872585 570427469
            603996161 -2139045760 1357161088</internalNodes>
          <leafValues>
            -8.6124110221862793e-01 7.9171288013458252e-01</leafValues></_></weakClassifiers></_>
    <!-- stage 1 -->
    <_>
      <maxWeakCount>2</maxWeakCount>
      <stageThreshold>6.7024163901805878e-02</stageThreshold>
      <weakClassifiers>
        <_>
          <internalNodes>
            0 -1 44 -581877 805306111 -214 -298287109 2147450161
            805175295 1607825221 -167596164</internalNodes>
          <leafValues>
            -5.1260507106781006e-01 8.8950276374816895e-01</leafValues></_>
        <_>
          <internalNodes>
            0 -1 46 1746272570 1880163352 42057728 -1073708542
            -1006628832 671089537 478298120 1879099392</internalNodes>
          <leafValues>
            -8.2247859239578247e-01 7.6510006189346313e-01</leafValues></_></weakClassifiers></_>
    <!-- stage 2 -->
    <_>
      <maxWeakCount>2</maxWeakCount>
      <stageThreshold>1.3897663354873657e-01</stageThreshold>
      <weakClassifiers>
        <_>
          <internalNodes>
            0 -1 2 -1536168306 683540472 -1360003602 653160432
            2147221439 1962934271 -524289 24182654</internalNodes>
          <leafValues>
            -6.2264150381088257e-01 8.5567009449005127e-01</leafValues></_>
        <_>
          <internalNodes>
            0 -1 1 16516 16777216 0 503316480 34111673 536870944 33192
            -2130179068</internalNodes>
          <leafValues>
            -7.1669346094131470e-01 8.7184685468673706e-01</leafValues></_></weakClassifiers></_>
    <!-- stage 3 -->
    <_>
      <maxWeakCount>2</maxWeakCount>
      <stageThreshold>1.8155467510223389e-01</stageThreshold>
      <weakClassifiers>
        <_>
          <internalNodes>
            0 -1 20 -671220185 -1358954642 -16842778 -286265345
            1476382480 1065353030 -136317114 -446758921</internalNodes>
          <leafValues>
            -5.0000000000000000e-01 9.2045456171035767e-01</leafValues></_>
        <_>
          <internalNodes>
            0 -1 12 5308714 -2143027120 1342193680 -2107571712
            -2147350393 135361 -1744666624 -1937342135</internalNodes>
          <leafValues>
            -7.3889988660812378e-01 8.2696783542633057e-01</leafValues></_></weakClassifiers></_>
    <!-- stage 4 -->
    <_>
      <maxWeakCount>3</maxWeakCount>
      <stageThreshold>-3.3301913738250732e-01</stageThreshold>
      <weakClassifiers>
        <_>
          <internalNodes>
            0 -1 43 -285802750 779059178 -336609308 -71303186 1878515572
            796884991 2071983446 -1222451841</internalNodes>
          <leafValues>
            -5.0847458839416504e-01 8.7912088632583618e-01</leafValues></_>
        <_>
          <internalNodes>
            0 -1 3 -217342 1690238718 -268435924 -889524500 939491190
            671039479 2130673524 -420261929</internalNodes>
          <leafValues>
            -5.7316321134567261e-01 8.2461571693420410e-01</leafValues></_>
        <_>
          <internalNodes>
            0 -1 47 -294138198 1861156859 -25231593 1879015358
            1064730585 1174405118 -134219884 -948803844</internalNodes>
          <leafValues>
            -6.3897681236267090e-01 8.2919508218765259e-01</leafValues></_></weakClassifiers></_>
    <!-- stage 5 -->
    <_>
      <maxWeakCount>2</maxWeakCount>
      <stageThreshold>1.2521307170391083e-01</stageThreshold>
      <weakClassifiers>
        <_>
          <internalNodes>
            0 -1 39 -16799702 -1367343122 -268505494 2000592510
            -1610645675 1879048063 1073706836 -217647138</internalNodes>
          <leafValues>
            -6.5957444906234741e-01 7.8640776872634888e-01</leafValues></_>
        <_>
          <internalNodes>
            0 -1 4 -1342190578 1316994811 -285245462 -1363214866
            -276824202 628981751 -679477647 -1120141407</internalNodes>
          <leafValues>
            -6.6119468212127686e-01 8.0840420722961426e-01</leafValues></_></weakClassifiers></_>
    <!-- stage 6 -->
    <_>
      <maxWeakCount>3</maxWeakCount>
      <stageThreshold>-3.3920207619667053e-01</stageThreshold>
      <weakClassifiers>
        <_>
          <internalNodes>
            0 -1 49 -269504765 1795080188 2147417902 -1460011010
            536838006 2113929214 -293602032 -144474343</internalNodes>
          <leafValues>
            -5.1923078298568726e-01 7.8571426868438721e-01</leafValues></_>
        <_>
          <internalNodes>
            0 -1 48 -269042143 -18448529 -542216667 -1360265346
            2113372086 1995407327 -134291690 -1847173131</internalNodes>
          <leafValues>
            -5.3158676624298096e-01 8.7149822711944580e-01</leafValues></_>
        <_>
          <internalNodes>
            0 -1 41 -268510324 -2228420 -32968 -134455833 2004828018
            2004320255 -134463734 -696290434</internalNodes>
          <leafValues>
            -5.9332960844039917e-01 8.5337597131729126e-01</leafValues></_></weakClassifiers></_>
    <!-- stage 7 -->
    <_>
      <maxWeakCount>3</maxWeakCount>
      <stageThreshold>-5.6985694169998169e-01</stageThreshold>
      <weakClassifiers>
        <_>
          <internalNodes>
            0 -1 22 1727548988 -1074888963 -1073741827 1476337405
            1941831664 -1 1874993162 373103701</internalNodes>
          <leafValues>
            -5.6190478801727295e-01 8.1538462638854980e-01</leafValues></_>
        <_>
          <internalNodes>
            0 -1 14 17055808 285343744 147524 1393033473 32808
            -2013265920 524425 1904347202</internalNodes>
          <leafValues>
            -6.9561570882797241e-01 7.7053153514862061e-01</leafValues></_>
        <_>
          <internalNodes>
            0 -1 50 42106892 1207959841 256 -1073643516 -1333624821
            276824456 -2147458944 -1392328544</internalNodes>
          <leafValues>
            -7.7848368883132935e-01 8.0859410762786865e-01</leafValues></_></weakClassifiers></_>
    <!-- stage 8 -->
    <_>
      <maxWeakCount>2</maxWeakCount>
      <stageThreshold>1.4063809812068939e-01</stageThreshold>
      <weakClassifiers>
        <_>
          <internalNodes>
            0 -1 45 605501733 -1359020050 -4242 -285278418 -306217407
            2130706422 -75600560 -449312524</internalNodes>
          <leafValues>
            -5.3153151273727417e-01 8.4126985073089600e-01</leafValues></_>
        <_>
          <internalNodes>
            0 -1 10 131470 1048584 100481 1183745 690433 268664834 171
            -439613308</internalNodes>
          <leafValues>
            -7.0063173770904541e-01 8.4630066156387329e-01</leafValues></_></weakClassifiers></_>
    <!-- stage 9 -->
    <_>
      <maxWeakCount>2</maxWeakCount>
      <stageThreshold>1.1539357155561447e-01</stageThreshold>
      <weakClassifiers>
        <_>
          <internalNodes>
            0 -1 36 1073686503 804175871 -289505418 1795063663
            2013167485 134709247 11403528 -827263488</internalNodes>
          <leafValues>
            -4.9152541160583496e-01 8.6813187599182129e-01</leafValues></_>
        <_>
          <internalNodes>
            0 -1 38 -779943679 -2130640895 98345 1091192896 1620119552
            16850945 17825796 -897030014</internalNodes>
          <leafValues>
            -7.5273829698562622e-01 8.1851279735565186e-01</leafValues></_></weakClassifiers></_>
    <!-- stage 10 -->
    <_>
      <maxWeakCount>3</maxWeakCount>
      <stageThreshold>-5.5575364828109741e-01</stageThreshold>
      <weakClassifiers>
        <_>
          <internalNodes>
            0 -1 34 763105069 804224694 -1090555964 -356614785
            2004840300 1610612726 -98467 1120960500</internalNodes>
          <leafValues>
            -6.3636362552642822e-01 8.1094527244567871e-01</leafValues></_>
        <_>
          <internalNodes>
            0 -1 25 -2129312971 1118465 335544453 42041344 83888640
            553727136 1149767680 -997948913</internalNodes>
          <leafValues>
            -6.5634113550186157e-01 8.8822913169860840e-01</leafValues></_>
        <_>
          <internalNodes>
            0 -1 42 402657665 -2147401726 -2143014836 671385601
            -2147374840 65537 -1969086456 -199186360</internalNodes>
          <leafValues>
            -7.1035772562026978e-01 8.4399956464767456e-01</leafValues></_></weakClassifiers></_>
    <!-- stage 11 -->
    <_>
      <maxWeakCount>2</maxWeakCount>
      <stageThreshold>7.8010320663452148e-02</stageThreshold>
      <weakClassifiers>
        <_>
          <internalNodes>
            0 -1 5 -1360050450 -822116353 -1090588828 -357630210
            -536903833 1543503863 -2147450685 -2051277686</internalNodes>
          <leafValues>
            -5.6190478801727295e-01 8.1538462638854980e-01</leafValues></_>
        <_>
          <internalNodes>
            0 -1 37 -2130640504 1073742088 82 268959889 -2139093696
            327680 -1467637240 -1171783670</internalNodes>
          <leafValues>
            -7.3737430572509766e-01 7.6605689525604248e-01</leafValues></_></weakClassifiers></_>
    <!-- stage 12 -->
    <_>
      <maxWeakCount>2</maxWeakCount>
      <stageThreshold>6.7448593676090240e-02</stageThreshold>
      <weakClassifiers>
        <_>
          <internalNodes>
            0 -1 33 134351136 268992512 -1073659887 1636007939
            -2147479280 -2147459069 1351653381 537012225</internalNodes>
          <leafValues>
            -8.1081080436706543e-01 7.0796459913253784e-01</leafValues></_>
        <_>
          <internalNodes>
            0 -1 30 1870560845 -420544598 -394 -2097676449 2146925840
            2130706429 2138961205 -562106635</internalNodes>
          <leafValues>
            -6.1520415544509888e-01 8.7825942039489746e-01</leafValues></_></weakClassifiers></_>
    <!-- stage 13 -->
    <_>
      <maxWeakCount>2</maxWeakCount>
      <stageThreshold>1.2438336014747620e-01</stageThreshold>
      <weakClassifiers>
        <_>
          <internalNodes>
            0 -1 28 1073684476 775872495 -50331650 1786675196 1874738545
            -1610647585 -570490925 -869244676</internalNodes>
          <leafValues>
            -5.3703701496124268e-01 8.2291668653488159e-01</leafValues></_>
        <_>
          <internalNodes>
            0 -1 35 345063463 5312514 1074003968 -1576452076 268474928
            -2096619518 -872308719 1077411851</internalNodes>
          <leafValues>
            -6.9853329658508301e-01 8.1943744421005249e-01</leafValues></_></weakClassifiers></_>
    <!-- stage 14 -->
    <_>
      <maxWeakCount>4</maxWeakCount>
      <stageThreshold>2.7784106135368347e-01</stageThreshold>
      <weakClassifiers>
        <_>
          <internalNodes>
            0 -1 18 -1359042818 -1904333121 -268521482 -1359282449
            -36867 2147352574 -134111219 -1212395536</internalNodes>
          <leafValues>
            -6.5591394901275635e-01 7.7777779102325439e-01</leafValues></_>
        <_>
          <internalNodes>
            0 -1 27 -2146951163 -1055836128 4263937 -1539302255 299
            82048 8446179 -2096602160</internalNodes>
          <leafValues>
            -6.5376299619674683e-01 8.4244179725646973e-01</leafValues></_>
        <_>
          <internalNodes>
            0 -1 7 -290574366 716553981 2146434988 -1895895058 -67108993
            -150994947 1065320446 1691570173</internalNodes>
          <leafValues>
            -6.6152709722518921e-01 8.5077142715454102e-01</leafValues></_>
        <_>
          <internalNodes>
            0 -1 19 1248814597 -1358991526 -1054990 -294617409
            -268435978 1609039871 -411082761 -2064810572</internalNodes>
          <leafValues>
            -6.8085139989852905e-01 8.8790351152420044e-01</leafValues></_></weakClassifiers></_>
    <!-- stage 15 -->
    <_>
      <maxWeakCount>2</maxWeakCount>
      <stageThreshold>9.7420699894428253e-02</stageThreshold>
      <weakClassifiers>
        <_>
          <internalNodes>
            0 -1 29 -1880169984 2130542590 -536883281 654241663
            -17304018 2145349502 -1245412 -75796628</internalNodes>
          <leafValues>
            -4.8275861144065857e-01 8.4782606363296509e-01</leafValues></_>
        <_>
          <internalNodes>
            0 -1 40 -2130690042 8470784 65539 1612775523 1091053728
            1074266115 285343750 340103690</internalNodes>
          <leafValues>
            -7.5040537118911743e-01 7.4016523361206055e-01</leafValues></_></weakClassifiers></_>
    <!-- stage 16 -->
    <_>
      <maxWeakCount>3</maxWeakCount>
      <stageThreshold>-7.1751737594604492e-01</stageThreshold>
      <weakClassifiers>
        <_>
          <internalNodes>
            0 -1 9 67635202 -2144337568 65536 -1005682688 308289697
            1048582 -2013216640 713036417</internalNodes>
          <leafValues>
            -9.3548387289047241e-01 6.6386556625366211e-01</leafValues></_>
        <_>
          <internalNodes>
            0 -1 24 268638785 -1878843390 1208516642 -2147481598
            -2013122560 1090666496 -1593826808 -1876948991</internalNodes>
          <leafValues>
            -7.1615743637084961e-01 8.4215903282165527e-01</leafValues></_>
        <_>
          <internalNodes>
            0 -1 16 2130448047 1861119615 1069481727 1814982650 -196837
            -537462785 -671189642 -817957507</internalNodes>
          <leafValues>
            -6.6522550582885742e-01 8.4150093793869019e-01</leafValues></_></weakClassifiers></_>
    <!-- stage 17 -->
    <_>
      <maxWeakCount>2</maxWeakCount>
      <stageThreshold>2.7934279292821884e-02</stageThreshold>
      <weakClassifiers>
        <_>
          <internalNodes>
            0 -1 8 -2147480638 8192 -2147450878 1145176064 1103167489
            -2147450871 557060 -1445961527</internalNodes>
          <leafValues>
            -8.3098590373992920e-01 6.9432312250137329e-01</leafValues></_>
        <_>
          <internalNodes>
            0 -1 15 -1896214821 -290557954 -41943053 1206665196
            1073674231 2147483519 -1091109002 -1766601228</internalNodes>
          <leafValues>
            -6.6638886928558350e-01 8.7589174509048462e-01</leafValues></_></weakClassifiers></_>
    <!-- stage 18 -->
    <_>
      <maxWeakCount>4</maxWeakCount>
      <stageThreshold>1.7345829308032990e-01</stageThreshold>
      <weakClassifiers>
        <_>
          <internalNodes>
            0 -1 32 810565728 336887809 1073774980 18940129 -2147483540
            -1574698973 -2013003776 100794912</internalNodes>
          <leafValues>
            -8.7692308425903320e-01 6.6808509826660156e-01</leafValues></_>
        <_>
          <internalNodes>
            0 -1 23 -771748527 -1071644671 336016 134565889 1812482
            -1243611136 -2147188095 -1073610223</internalNodes>
          <leafValues>
            -6.4559572935104370e-01 8.2560724020004272e-01</leafValues></_>
        <_>
          <internalNodes>
            0 -1 13 102370601 -202474497 -25235473 1860725999 1811742716
            -16777217 -1 -1632088457</internalNodes>
          <leafValues>
            -6.1930465698242188e-01 9.2759883403778076e-01</leafValues></_>
        <_>
          <internalNodes>
            0 -1 17 -1367462050 -17825861 -8654850 -1354924290
            2147401725 2147483644 -151208139 -206512132</internalNodes>
          <leafValues>
            -6.5353554487228394e-01 8.4407883882522583e-01</leafValues></_></weakClassifiers></_>
    <!-- stage 19 -->
    <_>
      <maxWeakCount>4</maxWeakCount>
      <stageThreshold>1.8078604340553284e-01</stageThreshold>
      <weakClassifiers>
        <_>
          <internalNodes>
            0 -1 26 -1108472771 511704830 -1090584842 1325334526
            2113765236 -8519681 2108653424 2047393276</internalNodes>
          <leafValues>
            -6.7816090583801270e-01 7.4647885560989380e-01</leafValues></_>
        <_>
          <internalNodes>
            0 -1 31 343 -1069547519 268444676 185073672 -1736179712
            -1962770303 16885899 873728552</internalNodes>
          <leafValues>
            -6.9748640060424805e-01 7.5443416833877563e-01</leafValues></_>
        <_>
          <internalNodes>
            0 -1 21 -2129651691 -1039138684 4260241 1358971144
            1073741986 -1987575776 -2147483512 -1826619390</internalNodes>
          <leafValues>
            -6.4587330818176270e-01 8.4039050340652466e-01</leafValues></_>
        <_>
          <internalNodes>
            0 -1 11 -1695766727 -1358954546 -269484240 645889583
            -1090519182 -269516803 -137887894 -1610662132</internalNodes>
          <leafValues>
            -6.7425370216369629e-01 8.2620978355407715e-01</leafValues></_></weakClassifiers></_></stages>
  <features>
    <_>
      <rect>
        0 0 4 1</rect></_>
    <_>
      <rect>
        0 0 7 1</rect></_>
    <_>
      <rect>
        0 3 2 3</rect></_>
    <_>
      <rect>
        0 6 1 3</rect></_>
    <_>
      <rect>
        0 7 1 1</rect></_>
    <_>
      <rect>
        0 10 4 2</rect></_>
    <_>
      <rect>
        0 16 2 1</rect></_>
    <_>
      <rect>
        1 3 2 5</rect></_>
    <_>
      <rect>
        1 3 3 6</rect></_>
    <_>
      <rect>
        1 13 3 3</rect></_>
    <_>
      <rect>
        1 17 4 2</rect></_>
    <_>
      <rect>
        2 2 7 5</rect></_>
    <_>
      <rect>
        3 0 2 1</rect></_>
    <_>
      <rect>
        3 0 4 3</rect></_>
    <_>
      <rect>
        3 0 5 3</rect></_>
    <_>
      <rect>
        3 3 2 2</rect></_>
    <_>
      <rect>
        3 13 3 2</rect></_>
    <_>
      <rect>
        3 15 3 3</rect></_>
    <_>
      <rect>
        3 16 1 2</rect></_>
    <_>
      <rect>
        4 4 3 2</rect></_>
    <_>
      <rect>
        4 7 6 2</rect></_>
    <_>
      <rect>
        4 15 3 2</rect></_>
    <_>
      <rect>
        5 0 6 7</rect></_>
    <_>
      <rect>
        6 2 5 5</rect></_>
    <_>
      <rect>
        6 5 5 5</rect></_>
    <_>
      <rect>
        6 9 2 1</rect></_>
    <_>
      <rect>
        6 9 4 4</rect></_>
    <_>
      <rect>
        6 18 2 2</rect></_>
    <_>
      <rect>
        8 15 3 2</rect></_>
    <_>
      <rect>
        9 3 5 4</rect></_>
    <_>
      <rect>
        9 11 2 1</rect></_>
    <_>
      <rect>
        11 12 3 4</rect></_>
    <_>
      <rect>
        12 0 4 6</rect></_>
    <_>
      <rect>
        12 2 2 4</rect></_>
    <_>
      <rect>
        13 0 1 1</rect></_>
    <_>
      <rect>
        13 8 3 2</rect></_>
    <_>
      <rect>
        13 17 1 1</rect></_>
    <_>
      <rect>
        13 17 3 2</rect></_>
    <_>
      <rect>
        16 13 2 2</rect></_>
    <_>
      <rect>
        16 16 2 1</rect></_>
    <_>
      <rect>
        18 5 2 4</rect></_>
    <_>
      <rect>
        18 9 2 2</rect></_>
    <_>
      <rect>
        18 19 1 1</rect></_>
    <_>
      <rect>
        19 13 1 1</rect></_>
    <_>
      <rect>
        19 16 1 1</rect></_>
    <_>
      <rect>
        19 17 1 1</rect></_>
    <_>
      <rect>
        19 20 1 1</rect></_>
    <_>
      <rect>
        20 7 1 1</rect></_>
    <_>
      <rect>
        21 7 1 1</rect></_>
    <_>
      <rect>
        21 16 1 1</rect></_>
    <_>
      <rect>
        21 19 1 1</rect></_></features></cascade>
</opencv_storage>
